uri,sol_id,start,end
http://data.europa.eu/949/functionalInfrastructure/sectionsOfLine/00817c4a52300b2597a0929e3408e81cbf15bb76,http://data.europa.eu/949/functionalInfrastructure/sectionsOfLine/Kaisiadorys-Kaunas-Kybartai-RU_LTPalemonas_LTKaunas,http://data.europa.eu/949/functionalInfrastructure/operationalPoints/LTPalemonas,http://data.europa.eu/949/functionalInfrastructure/operationalPoints/LTKaunas
http://data.europa.eu/949/functionalInfrastructure/sectionsOfLine/00c38d2c8c934e58c9e98a08ff51da76ca768ff9,http://data.europa.eu/949/functionalInfrastructure/sectionsOfLine/Vilnius-Klaipeda_LTKutiskiai_LTMankiskiai,http://data.europa.eu/949/functionalInfrastructure/operationalPoints/LTKutiskiai,http://data.europa.eu/949/functionalInfrastructure/operationalPoints/LTMankiskiai
http://data.europa.eu/949/functionalInfrastructure/sectionsOfLine/02118d2e3f6e263f06542f9f1b8036299f487ab8,http://data.europa.eu/949/functionalInfrastructure/sectionsOfLine/Naujoji_Vilnia-Turmantas-LV_LTMickunai_LTBezdonys,http://data.europa.eu/949/functionalInfrastructure/operationalPoints/LTMickunai,http://data.europa.eu/949/functionalInfrastructure/operationalPoints/LTBezdonys
http://data.europa.eu/949/functionalInfrastructure/sectionsOfLine/026f503facec5fd6be35db39b71f27d1f4e7c200,http://data.europa.eu/949/functionalInfrastructure/sectionsOfLine/Vilnius-Klaipeda_LTBP248_LTRaudenai,http://data.europa.eu/949/functionalInfrastructure/operationalPoints/LTBP248,http://data.europa.eu/949/functionalInfrastructure/operationalPoints/LTRaudenai
http://data.europa.eu/949/functionalInfrastructure/sectionsOfLine/0286c5dd65209f3ff5c36cf5dc3234169eb39116,http://data.europa.eu/949/functionalInfrastructure/sectionsOfLine/Kuziai-Mazeikiai-Bugeniai-LV_LTKuziai_LTKursenai,http://data.europa.eu/949/functionalInfrastructure/operationalPoints/LTKuziai,http://data.europa.eu/949/functionalInfrastructure/operationalPoints/LTKursenai
http://data.europa.eu/949/functionalInfrastructure/sectionsOfLine/02b840c474a5cc73a239a8e57cbaae45052283dd,http://data.europa.eu/949/functionalInfrastructure/sectionsOfLine/Vilnius-Kena-BY_LTKyviskes_LTPakene,http://data.europa.eu/949/functionalInfrastructure/operationalPoints/LTKyviskes,http://data.europa.eu/949/functionalInfrastructure/operationalPoints/LTPakene
http://data.europa.eu/949/functionalInfrastructure/sectionsOfLine/02da5018819342d5dd364afe2c8208a8413eef0d,http://data.europa.eu/949/functionalInfrastructure/sectionsOfLine/Lentvaris-Marcinkonys-BY_LTMatuizos_LTVarena,http://data.europa.eu/949/functionalInfrastructure/operationalPoints/LTMatuizos,http://data.europa.eu/949/functionalInfrastructure/operationalPoints/LTVarena
http://data.europa.eu/949/functionalInfrastructure/sectionsOfLine/04a366df3565f89ab9725cecabdb08277f31088c,http://data.europa.eu/949/functionalInfrastructure/sectionsOfLine/Lentvaris-Marcinkonys-BY_LTMiskiniai_LTSkleriai,http://data.europa.eu/949/functionalInfrastructure/operationalPoints/LTMiskiniai,http://data.europa.eu/949/functionalInfrastructure/operationalPoints/LTSkleriai
http://data.europa.eu/949/functionalInfrastructure/sectionsOfLine/0551a5c8f2bb0fa7ade23f2da6657e6340e30e3c,http://data.europa.eu/949/functionalInfrastructure/sectionsOfLine/Naujoji_Vilnia-Turmantas-LV_LTZeimena_LTSvencionel,http://data.europa.eu/949/functionalInfrastructure/operationalPoints/LTZeimena,http://data.europa.eu/949/functionalInfrastructure/operationalPoints/LTSvencionel
http://data.europa.eu/949/functionalInfrastructure/sectionsOfLine/0680c888bc355544ff83b5db7c72e7ad9450c01e,http://data.europa.eu/949/functionalInfrastructure/sectionsOfLine/Vilnius-Klaipeda_LTKretinga_LTBajorai,http://data.europa.eu/949/functionalInfrastructure/operationalPoints/LTKretinga,http://data.europa.eu/949/functionalInfrastructure/operationalPoints/LTBajorai
http://data.europa.eu/949/functionalInfrastructure/sectionsOfLine/08e62ea4e069da9ba4367461956e9022eabe03c6,http://data.europa.eu/949/functionalInfrastructure/sectionsOfLine/Kaisiadorys-Kaunas-Kybartai-RU_LTAlvitas_LTKybartai,http://data.europa.eu/949/functionalInfrastructure/operationalPoints/LTAlvitas,http://data.europa.eu/949/functionalInfrastructure/operationalPoints/LTKybartai
http://data.europa.eu/949/functionalInfrastructure/sectionsOfLine/09f5eec9c60d2c564168bb2d756efdf168ca99b8,http://data.europa.eu/949/functionalInfrastructure/sectionsOfLine/Vilnius-Stasylos-BY_LTTeresiskes_LTJasiunai,http://data.europa.eu/949/functionalInfrastructure/operationalPoints/LTTeresiskes,http://data.europa.eu/949/functionalInfrastructure/operationalPoints/LTJasiunai
http://data.europa.eu/949/functionalInfrastructure/sectionsOfLine/0ad7cf77bc4bba2f09c13bc0f41571b6adfb3b86,http://data.europa.eu/949/functionalInfrastructure/sectionsOfLine/Vilnius-Klaipeda_LTTarvainiai_LTPlunge,http://data.europa.eu/949/functionalInfrastructure/operationalPoints/LTTarvainiai,http://data.europa.eu/949/functionalInfrastructure/operationalPoints/LTPlunge
http://data.europa.eu/949/functionalInfrastructure/sectionsOfLine/0b5e2d2adebb612a4f630b890dd95a7133f357d2,http://data.europa.eu/949/functionalInfrastructure/sectionsOfLine/Vilnius-Klaipeda_LTKuziai_LTPavenciai,http://data.europa.eu/949/functionalInfrastructure/operationalPoints/LTKuziai,http://data.europa.eu/949/functionalInfrastructure/operationalPoints/LTPavenciai
http://data.europa.eu/949/functionalInfrastructure/sectionsOfLine/103cc79e11c585623bebeeff33ffabe0133b4b7a,http://data.europa.eu/949/functionalInfrastructure/sectionsOfLine/Radviliskis-Rokiskis-LV_LTLaba_LTLabuciai,http://data.europa.eu/949/functionalInfrastructure/operationalPoints/LTLaba,http://data.europa.eu/949/functionalInfrastructure/operationalPoints/LTLabuciai
http://data.europa.eu/949/functionalInfrastructure/sectionsOfLine/107b752784bcf8b1f302b84b9641b056b2079a73,http://data.europa.eu/949/functionalInfrastructure/sectionsOfLine/Vilnius-Klaipeda_LTGudziunai_LTBaisogala,http://data.europa.eu/949/functionalInfrastructure/operationalPoints/LTGudziunai,http://data.europa.eu/949/functionalInfrastructure/operationalPoints/LTBaisogala
http://data.europa.eu/949/functionalInfrastructure/sectionsOfLine/12efac97a865fea01be6aae7d40ece17a036d484,http://data.europa.eu/949/functionalInfrastructure/sectionsOfLine/Kaisiadorys-Kaunas-Kybartai-RU_LTBagotoji_LTPilviskiai,http://data.europa.eu/949/functionalInfrastructure/operationalPoints/LTBagotoji,http://data.europa.eu/949/functionalInfrastructure/operationalPoints/LTPilviskiai
http://data.europa.eu/949/functionalInfrastructure/sectionsOfLine/131f38ecf64cf235672d4987cb8732395d9b08a2,http://data.europa.eu/949/functionalInfrastructure/sectionsOfLine/Kuziai-Mazeikiai-Bugeniai-LV_LTPapile_LTAkmene,http://data.europa.eu/949/functionalInfrastructure/operationalPoints/LTPapile,http://data.europa.eu/949/functionalInfrastructure/operationalPoints/LTAkmene
http://data.europa.eu/949/functionalInfrastructure/sectionsOfLine/143b7ce00f54ba4e7d6d6432311b6bf6681a650a,http://data.europa.eu/949/functionalInfrastructure/sectionsOfLine/Radviliskis-Rokiskis-LV_LTBygailiai_LTSubacius,http://data.europa.eu/949/functionalInfrastructure/operationalPoints/LTBygailiai,http://data.europa.eu/949/functionalInfrastructure/operationalPoints/LTSubacius
http://data.europa.eu/949/functionalInfrastructure/sectionsOfLine/16508bb2aa46789e111feff0bed810e914178ee0,http://data.europa.eu/949/functionalInfrastructure/sectionsOfLine/Vilnius-Klaipeda_LTSausiai_LTRykantai,http://data.europa.eu/949/functionalInfrastructure/operationalPoints/LTSausiai,http://data.europa.eu/949/functionalInfrastructure/operationalPoints/LTRykantai
http://data.europa.eu/949/functionalInfrastructure/sectionsOfLine/16784736e41bf09b1b83fec337574dc33d8502a2,http://data.europa.eu/949/functionalInfrastructure/sectionsOfLine/Vilnius-Stasylos-BY_LTValciunai_LTParudaminy,http://data.europa.eu/949/functionalInfrastructure/operationalPoints/LTValciunai,http://data.europa.eu/949/functionalInfrastructure/operationalPoints/LTParudaminy
http://data.europa.eu/949/functionalInfrastructure/sectionsOfLine/16a01864e36766be57a7e1b6335244facb538e58,http://data.europa.eu/949/functionalInfrastructure/sectionsOfLine/Vilnius-Klaipeda_LTPlunge_LTSateikiai,http://data.europa.eu/949/functionalInfrastructure/operationalPoints/LTPlunge,http://data.europa.eu/949/functionalInfrastructure/operationalPoints/LTSateikiai
http://data.europa.eu/949/functionalInfrastructure/sectionsOfLine/196ee6c0ad122db4558c07a88ae7d5a2362242cc,http://data.europa.eu/949/functionalInfrastructure/sectionsOfLine/Kyviskes-Valciunai_LTKyviskes_LTValciunai,http://data.europa.eu/949/functionalInfrastructure/operationalPoints/LTKyviskes,http://data.europa.eu/949/functionalInfrastructure/operationalPoints/LTValciunai
http://data.europa.eu/949/functionalInfrastructure/sectionsOfLine/1c190f089ff63e5481840bf4fc93086d1e36d5a0,http://data.europa.eu/949/functionalInfrastructure/sectionsOfLine/Jonava-Rizgonys_LTJonava_LTRizgonys,http://data.europa.eu/949/functionalInfrastructure/operationalPoints/LTJonava,http://data.europa.eu/949/functionalInfrastructure/operationalPoints/LTRizgonys
http://data.europa.eu/949/functionalInfrastructure/sectionsOfLine/1fa3e6340404bf711449df6a3cced46ccf819f5b,http://data.europa.eu/949/functionalInfrastructure/sectionsOfLine/Vilnius-Klaipeda_LTRykantai_LTLazdenai,http://data.europa.eu/949/functionalInfrastructure/operationalPoints/LTRykantai,http://data.europa.eu/949/functionalInfrastructure/operationalPoints/LTLazdenai
http://data.europa.eu/949/functionalInfrastructure/sectionsOfLine/20cc53355122d462024ddd4abf9386e53d60ab20,http://data.europa.eu/949/functionalInfrastructure/sectionsOfLine/Kaisiadorys-Kaunas-Kybartai-RU_LTPabaliskia_LTJure,http://data.europa.eu/949/functionalInfrastructure/operationalPoints/LTPabaliskia,http://data.europa.eu/949/functionalInfrastructure/operationalPoints/LTJure
http://data.europa.eu/949/functionalInfrastructure/sectionsOfLine/21070b92570bad1c17685c5976986eccb2141afa,http://data.europa.eu/949/functionalInfrastructure/sectionsOfLine/Siauliai-Joniskis-LV_LTGubernija_LTMeskuiciai,http://data.europa.eu/949/functionalInfrastructure/operationalPoints/LTGubernija,http://data.europa.eu/949/functionalInfrastructure/operationalPoints/LTMeskuiciai
http://data.europa.eu/949/functionalInfrastructure/sectionsOfLine/23d097d5264bd749226012802054e650147ddff4,http://data.europa.eu/949/functionalInfrastructure/sectionsOfLine/Kaisiadorys-Kaunas-Kybartai-RU_LTMauruciai_LTPabaliskia,http://data.europa.eu/949/functionalInfrastructure/operationalPoints/LTMauruciai,http://data.europa.eu/949/functionalInfrastructure/operationalPoints/LTPabaliskia
http://data.europa.eu/949/functionalInfrastructure/sectionsOfLine/23d4ba245817d44382561114b9126550d29e3a2d,http://data.europa.eu/949/functionalInfrastructure/sectionsOfLine/Vilnius-Klaipeda_LTGimbogala_LTRadviliski,http://data.europa.eu/949/functionalInfrastructure/operationalPoints/LTGimbogala,http://data.europa.eu/949/functionalInfrastructure/operationalPoints/LTRadviliski
http://data.europa.eu/949/functionalInfrastructure/sectionsOfLine/25914ed425ec3666d88ba8d79bb5c5c586c012af,http://data.europa.eu/949/functionalInfrastructure/sectionsOfLine/Naujoji_Vilnia-Turmantas-LV_LTSvencionel_LTPakretuone,http://data.europa.eu/949/functionalInfrastructure/operationalPoints/LTSvencionel,http://data.europa.eu/949/functionalInfrastructure/operationalPoints/LTPakretuone
http://data.europa.eu/949/functionalInfrastructure/sectionsOfLine/274ed9bad600961dfa00b6ee8f9af5f2e50c4d9c,http://data.europa.eu/949/functionalInfrastructure/sectionsOfLine/Vilnius-Klaipeda_LTZeimiai_LTLuksiai,http://data.europa.eu/949/functionalInfrastructure/operationalPoints/LTZeimiai,http://data.europa.eu/949/functionalInfrastructure/operationalPoints/LTLuksiai
http://data.europa.eu/949/functionalInfrastructure/sectionsOfLine/2777d629292a0eb5e6d5d176cab94f6359f3eb59,http://data.europa.eu/949/functionalInfrastructure/sectionsOfLine/Lentvaris-Marcinkonys-BY_LTSkleriai_LTRudiskes,http://data.europa.eu/949/functionalInfrastructure/operationalPoints/LTSkleriai,http://data.europa.eu/949/functionalInfrastructure/operationalPoints/LTRudiskes
http://data.europa.eu/949/functionalInfrastructure/sectionsOfLine/29a58d01bca554d45272e17e39dcd578ad504a38,http://data.europa.eu/949/functionalInfrastructure/sectionsOfLine/Akmene-Alkiskiai_LTAkmene_LTAlkiskiai,http://data.europa.eu/949/functionalInfrastructure/operationalPoints/LTAkmene,http://data.europa.eu/949/functionalInfrastructure/operationalPoints/LTAlkiskiai
http://data.europa.eu/949/functionalInfrastructure/sectionsOfLine/29f152932d97ee8705439b7047c80aae1484cfb7,http://data.europa.eu/949/functionalInfrastructure/sectionsOfLine/Kaisiadorys-Kaunas-Kybartai-RU_LTGarliava_LTMauruciai,http://data.europa.eu/949/functionalInfrastructure/operationalPoints/LTGarliava,http://data.europa.eu/949/functionalInfrastructure/operationalPoints/LTMauruciai
http://data.europa.eu/949/functionalInfrastructure/sectionsOfLine/3225d47afc5be41dd516f0b3f69a20d8c76911e0,http://data.europa.eu/949/functionalInfrastructure/sectionsOfLine/Vilnius-Klaipeda_LTSilainiai_LTKedainiai,http://data.europa.eu/949/functionalInfrastructure/operationalPoints/LTSilainiai,http://data.europa.eu/949/functionalInfrastructure/operationalPoints/LTKedainiai
http://data.europa.eu/949/functionalInfrastructure/sectionsOfLine/345011572c9c1b2cb26840ca8a5d5c3d18e41854,http://data.europa.eu/949/functionalInfrastructure/sectionsOfLine/Radviliskis-Rokiskis-LV_LTRokiskis_EU00146,http://data.europa.eu/949/functionalInfrastructure/operationalPoints/LTRokiskis,http://data.europa.eu/949/functionalInfrastructure/operationalPoints/EU00146
http://data.europa.eu/949/functionalInfrastructure/sectionsOfLine/34c31897ecdade3214b4233f5f04e3675b5d6413,http://data.europa.eu/949/functionalInfrastructure/sectionsOfLine/Radviliskis-Pagegiai-RU_LTTytuvenai_LTVidukle,http://data.europa.eu/949/functionalInfrastructure/operationalPoints/LTTytuvenai,http://data.europa.eu/949/functionalInfrastructure/operationalPoints/LTVidukle
http://data.europa.eu/949/functionalInfrastructure/sectionsOfLine/36a037a0ca761fc3f8774d5ce0c3666b8254e4c1,http://data.europa.eu/949/functionalInfrastructure/sectionsOfLine/Vilnius-Klaipeda_LTGaiziunai_LTJonava,http://data.europa.eu/949/functionalInfrastructure/operationalPoints/LTGaiziunai,http://data.europa.eu/949/functionalInfrastructure/operationalPoints/LTJonava
http://data.europa.eu/949/functionalInfrastructure/sectionsOfLine/3805d762c3325cfe43f2400b6dc07777a2367f72,http://data.europa.eu/949/functionalInfrastructure/sectionsOfLine/Radviliskis-Rokiskis-LV_LTKupiskis_LTSkapiskis,http://data.europa.eu/949/functionalInfrastructure/operationalPoints/LTKupiskis,http://data.europa.eu/949/functionalInfrastructure/operationalPoints/LTSkapiskis
http://data.europa.eu/949/functionalInfrastructure/sectionsOfLine/39f07716cd0d85fec74f2be701053a2f836445b1,http://data.europa.eu/949/functionalInfrastructure/sectionsOfLine/Kaisiadorys-Kaunas-Kybartai-RU_LTPagiriai_LTPamieris,http://data.europa.eu/949/functionalInfrastructure/operationalPoints/LTPagiriai,http://data.europa.eu/949/functionalInfrastructure/operationalPoints/LTPamieris
http://data.europa.eu/949/functionalInfrastructure/sectionsOfLine/3dbc1202eef7f4a32f356231ca5f89788322bba6,http://data.europa.eu/949/functionalInfrastructure/sectionsOfLine/Naujoji_Vilnia-Turmantas-LV_LTPazeimene_LTZeimena,http://data.europa.eu/949/functionalInfrastructure/operationalPoints/LTPazeimene,http://data.europa.eu/949/functionalInfrastructure/operationalPoints/LTZeimena
http://data.europa.eu/949/functionalInfrastructure/sectionsOfLine/400ebf2d6463791fcac91ea07f2b4ebef5179684,http://data.europa.eu/949/functionalInfrastructure/sectionsOfLine/Vilnius-Klaipeda_LTLuksiai_LTSilainiai,http://data.europa.eu/949/functionalInfrastructure/operationalPoints/LTLuksiai,http://data.europa.eu/949/functionalInfrastructure/operationalPoints/LTSilainiai
http://data.europa.eu/949/functionalInfrastructure/sectionsOfLine/40d8d8ff8077de905b9aeb48821ccb6d3db7a32b,http://data.europa.eu/949/functionalInfrastructure/sectionsOfLine/Klaipeda-Pagegiai_LTVilkyciai_LTSilute,http://data.europa.eu/949/functionalInfrastructure/operationalPoints/LTVilkyciai,http://data.europa.eu/949/functionalInfrastructure/operationalPoints/LTSilute
http://data.europa.eu/949/functionalInfrastructure/sectionsOfLine/436d1daa3de1dcc79768cd05b0d8946256a1db52,http://data.europa.eu/949/functionalInfrastructure/sectionsOfLine/Radviliskis-Petrasiunai_LTRadviliski_LTPakruojis,http://data.europa.eu/949/functionalInfrastructure/operationalPoints/LTRadviliski,http://data.europa.eu/949/functionalInfrastructure/operationalPoints/LTPakruojis
http://data.europa.eu/949/functionalInfrastructure/sectionsOfLine/44fc144477908233f71303070919d4b38653324e,http://data.europa.eu/949/functionalInfrastructure/sectionsOfLine/Kaisiadorys-Kaunas-Kybartai-RU_LTMauruciai_LTKazluRuda,http://data.europa.eu/949/functionalInfrastructure/operationalPoints/LTMauruciai,http://data.europa.eu/949/functionalInfrastructure/operationalPoints/LTKazluRuda
http://data.europa.eu/949/functionalInfrastructure/sectionsOfLine/47342160758cbd315a174e6a9d1ae49f1a8f494b,http://data.europa.eu/949/functionalInfrastructure/sectionsOfLine/Radviliskis-Petrasiunai_LTPakruojis_LTPetrasiuna,http://data.europa.eu/949/functionalInfrastructure/operationalPoints/LTPakruojis,http://data.europa.eu/949/functionalInfrastructure/operationalPoints/LTPetrasiuna
http://data.europa.eu/949/functionalInfrastructure/sectionsOfLine/48f5dd1ff1fbe751f58284c7d496448dd8023df4,http://data.europa.eu/949/functionalInfrastructure/sectionsOfLine/Kaisiadorys-Kaunas-Kybartai-RU_LTPamieris_LTPravienisk,http://data.europa.eu/949/functionalInfrastructure/operationalPoints/LTPamieris,http://data.europa.eu/949/functionalInfrastructure/operationalPoints/LTPravienisk
http://data.europa.eu/949/functionalInfrastructure/sectionsOfLine/4b064eaea72b690531a6fadf1ad1e37a250f009e,http://data.europa.eu/949/functionalInfrastructure/sectionsOfLine/Vilnius-Kena-BY_LTKena_EU00250,http://data.europa.eu/949/functionalInfrastructure/operationalPoints/LTKena,http://data.europa.eu/949/functionalInfrastructure/operationalPoints/EU00250
http://data.europa.eu/949/functionalInfrastructure/sectionsOfLine/505f7ff24817c57d8276fa537eeffe2cd2fbae7d,http://data.europa.eu/949/functionalInfrastructure/sectionsOfLine/Vilnius-Klaipeda_LTSateikiai_LTKulupenai,http://data.europa.eu/949/functionalInfrastructure/operationalPoints/LTSateikiai,http://data.europa.eu/949/functionalInfrastructure/operationalPoints/LTKulupenai
http://data.europa.eu/949/functionalInfrastructure/sectionsOfLine/517c8f625bf4d4ed09db117912453a4560798ec7,http://data.europa.eu/949/functionalInfrastructure/sectionsOfLine/Kaisiadorys-Kaunas-Kybartai-RU_LTKarciupis_LTPalemonas,http://data.europa.eu/949/functionalInfrastructure/operationalPoints/LTKarciupis,http://data.europa.eu/949/functionalInfrastructure/operationalPoints/LTPalemonas
http://data.europa.eu/949/functionalInfrastructure/sectionsOfLine/5243537941f7fff93b047fe8fca2c7556ae1d280,http://data.europa.eu/949/functionalInfrastructure/sectionsOfLine/Vilnius-Klaipeda_LTPavenciai_LTBP248,http://data.europa.eu/949/functionalInfrastructure/operationalPoints/LTPavenciai,http://data.europa.eu/949/functionalInfrastructure/operationalPoints/LTBP248
http://data.europa.eu/949/functionalInfrastructure/sectionsOfLine/52ed0d5c41d51a983077adf0e1bbc3acd19629e9,http://data.europa.eu/949/functionalInfrastructure/sectionsOfLine/Radviliskis-Rokiskis-LV_LTGustonys_LTPanevezys,http://data.europa.eu/949/functionalInfrastructure/operationalPoints/LTGustonys,http://data.europa.eu/949/functionalInfrastructure/operationalPoints/LTPanevezys
http://data.europa.eu/949/functionalInfrastructure/sectionsOfLine/53e52452a416d7ec501a71586ac232f14f07413a,http://data.europa.eu/949/functionalInfrastructure/sectionsOfLine/Radviliskis-Pagegiai-RU_LTJonaitiski_LTTytuvenai,http://data.europa.eu/949/functionalInfrastructure/operationalPoints/LTJonaitiski,http://data.europa.eu/949/functionalInfrastructure/operationalPoints/LTTytuvenai
http://data.europa.eu/949/functionalInfrastructure/sectionsOfLine/53f02af02da57b29b8fb839f58d212fe889d815b,http://data.europa.eu/949/functionalInfrastructure/sectionsOfLine/Gaiziunai-Palemonas_LTKalnenai_LTPalemonas,http://data.europa.eu/949/functionalInfrastructure/operationalPoints/LTKalnenai,http://data.europa.eu/949/functionalInfrastructure/operationalPoints/LTPalemonas
http://data.europa.eu/949/functionalInfrastructure/sectionsOfLine/5478c6ad2433c7a9ef7f0bf1feb7e49cae7620db,http://data.europa.eu/949/functionalInfrastructure/sectionsOfLine/Kaisiadorys-Kaunas-Kybartai-RU_LTKaunas_LTJiesia,http://data.europa.eu/949/functionalInfrastructure/operationalPoints/LTKaunas,http://data.europa.eu/949/functionalInfrastructure/operationalPoints/LTJiesia
http://data.europa.eu/949/functionalInfrastructure/sectionsOfLine/587f4d8dafc9e3bda725c597dd339bb30241c00e,http://data.europa.eu/949/functionalInfrastructure/sectionsOfLine/Vilnius-Klaipeda_LTBP344_LTKretinga,http://data.europa.eu/949/functionalInfrastructure/operationalPoints/LTBP344,http://data.europa.eu/949/functionalInfrastructure/operationalPoints/LTKretinga
http://data.europa.eu/949/functionalInfrastructure/sectionsOfLine/58f9345498e38080a2ce9b1788afe780b2d6ceab,http://data.europa.eu/949/functionalInfrastructure/sectionsOfLine/Naujoji_Vilnia-Turmantas-LV_LTDukstas_LTGerkonys,http://data.europa.eu/949/functionalInfrastructure/operationalPoints/LTDukstas,http://data.europa.eu/949/functionalInfrastructure/operationalPoints/LTGerkonys
http://data.europa.eu/949/functionalInfrastructure/sectionsOfLine/59f237d3c6c4da0f0bd2c5cb2355469ca9a3da0b,http://data.europa.eu/949/functionalInfrastructure/sectionsOfLine/Vilnius-Klaipeda_LTSilenai_LTSodai,http://data.europa.eu/949/functionalInfrastructure/operationalPoints/LTSilenai,http://data.europa.eu/949/functionalInfrastructure/operationalPoints/LTSodai
http://data.europa.eu/949/functionalInfrastructure/sectionsOfLine/5cdd51e40b017bdbb130ba051bf8a8a1ef61acec,http://data.europa.eu/949/functionalInfrastructure/sectionsOfLine/Kaisiadorys-Kaunas-Kybartai-RU_LTAlksnenai_LTVilkaviski,http://data.europa.eu/949/functionalInfrastructure/operationalPoints/LTAlksnenai,http://data.europa.eu/949/functionalInfrastructure/operationalPoints/LTVilkaviski
http://data.europa.eu/949/functionalInfrastructure/sectionsOfLine/5d50b2e00b606d695e05c16f78232d4923433dd9,http://data.europa.eu/949/functionalInfrastructure/sectionsOfLine/Siauliai-Joniskis-LV_LTMeskuiciai_LTJoniskis,http://data.europa.eu/949/functionalInfrastructure/operationalPoints/LTMeskuiciai,http://data.europa.eu/949/functionalInfrastructure/operationalPoints/LTJoniskis
http://data.europa.eu/949/functionalInfrastructure/sectionsOfLine/5d624f67cbade36de8e2fae13af0d0c35acdc9f7,http://data.europa.eu/949/functionalInfrastructure/sectionsOfLine/Radviliskis-Rokiskis-LV_LTTindziulia_LTRokiskis,http://data.europa.eu/949/functionalInfrastructure/operationalPoints/LTTindziulia,http://data.europa.eu/949/functionalInfrastructure/operationalPoints/LTRokiskis
http://data.europa.eu/949/functionalInfrastructure/sectionsOfLine/6033e31ef5370ddd37c6e524a3d749ad645ee718,http://data.europa.eu/949/functionalInfrastructure/sectionsOfLine/Vilnius-Klaipeda_LTKaisiadory_LTLivintai,http://data.europa.eu/949/functionalInfrastructure/operationalPoints/LTKaisiadory,http://data.europa.eu/949/functionalInfrastructure/operationalPoints/LTLivintai
http://data.europa.eu/949/functionalInfrastructure/sectionsOfLine/60a0369dcb67a24871e87d69e0b4c0e4ca75829d,http://data.europa.eu/949/functionalInfrastructure/sectionsOfLine/Kaisiadorys-Kaunas-Kybartai-RU_LTJiesia_LTMauruciai,http://data.europa.eu/949/functionalInfrastructure/operationalPoints/LTJiesia,http://data.europa.eu/949/functionalInfrastructure/operationalPoints/LTMauruciai
http://data.europa.eu/949/functionalInfrastructure/sectionsOfLine/60cc08f57a70658acd1ebfbc47e4a3e1ae5a6f91,http://data.europa.eu/949/functionalInfrastructure/sectionsOfLine/Vilnius-Klaipeda_LTLivintai_LTGaiziunai,http://data.europa.eu/949/functionalInfrastructure/operationalPoints/LTLivintai,http://data.europa.eu/949/functionalInfrastructure/operationalPoints/LTGaiziunai
http://data.europa.eu/949/functionalInfrastructure/sectionsOfLine/60cc22cfcf96801fbd3785c5f45d774c9f9b3bbe,http://data.europa.eu/949/functionalInfrastructure/sectionsOfLine/Kuziai-Mazeikiai-Bugeniai-LV_LTMazeikiai_LTVenta,http://data.europa.eu/949/functionalInfrastructure/operationalPoints/LTMazeikiai,http://data.europa.eu/949/functionalInfrastructure/operationalPoints/LTVenta
http://data.europa.eu/949/functionalInfrastructure/sectionsOfLine/625c3587cb574fea2516698dd626131f90eb06d0,http://data.europa.eu/949/functionalInfrastructure/sectionsOfLine/Kuziai-Mazeikiai-Bugeniai-LV_LTAkmene_LTVieksniai,http://data.europa.eu/949/functionalInfrastructure/operationalPoints/LTAkmene,http://data.europa.eu/949/functionalInfrastructure/operationalPoints/LTVieksniai
http://data.europa.eu/949/functionalInfrastructure/sectionsOfLine/681c8571487aaa6a6600c01cbae5edc988bf50ca,http://data.europa.eu/949/functionalInfrastructure/sectionsOfLine/Vilnius-Klaipeda_LTTelsiai_LTLieplauke,http://data.europa.eu/949/functionalInfrastructure/operationalPoints/LTTelsiai,http://data.europa.eu/949/functionalInfrastructure/operationalPoints/LTLieplauke
http://data.europa.eu/949/functionalInfrastructure/sectionsOfLine/68a207bc0a742022cce871eef8cc493d19bf0269,http://data.europa.eu/949/functionalInfrastructure/sectionsOfLine/Lentvaris-Marcinkonys-BY_LTKlepociai_LTKalviai,http://data.europa.eu/949/functionalInfrastructure/operationalPoints/LTKlepociai,http://data.europa.eu/949/functionalInfrastructure/operationalPoints/LTKalviai
http://data.europa.eu/949/functionalInfrastructure/sectionsOfLine/693d795be05b782b54eadb0dd5fc07296b41c6e0,http://data.europa.eu/949/functionalInfrastructure/sectionsOfLine/Kaisiadorys-Kaunas-Kybartai-RU_LTJure_LTKazluRuda,http://data.europa.eu/949/functionalInfrastructure/operationalPoints/LTJure,http://data.europa.eu/949/functionalInfrastructure/operationalPoints/LTKazluRuda
http://data.europa.eu/949/functionalInfrastructure/sectionsOfLine/6a9126287050ad4bc84c612b7d6ca015c0cb27e1,http://data.europa.eu/949/functionalInfrastructure/sectionsOfLine/Kazlu_Ruda-Mockava-PL_LTKazluRuda_LTVincai,http://data.europa.eu/949/functionalInfrastructure/operationalPoints/LTKazluRuda,http://data.europa.eu/949/functionalInfrastructure/operationalPoints/LTVincai
http://data.europa.eu/949/functionalInfrastructure/sectionsOfLine/6b105e0ab296a71321c978eb802015ad7c921982,http://data.europa.eu/949/functionalInfrastructure/sectionsOfLine/Radviliskis-Rokiskis-LV_LTSubacius_LTRadziunai,http://data.europa.eu/949/functionalInfrastructure/operationalPoints/LTSubacius,http://data.europa.eu/949/functionalInfrastructure/operationalPoints/LTRadziunai
http://data.europa.eu/949/functionalInfrastructure/sectionsOfLine/6b3bb5a75b4559a205daf0d65a7d04e13f0099b3,http://data.europa.eu/949/functionalInfrastructure/sectionsOfLine/Klaipeda-Pagegiai_LTRimkai_LTVilkyciai,http://data.europa.eu/949/functionalInfrastructure/operationalPoints/LTRimkai,http://data.europa.eu/949/functionalInfrastructure/operationalPoints/LTVilkyciai
http://data.europa.eu/949/functionalInfrastructure/sectionsOfLine/6b835f1f0b7f2d887e5a95e22ae7a97b67fff4ff,http://data.europa.eu/949/functionalInfrastructure/sectionsOfLine/Kaisiadorys-Kaunas-Kybartai-RU_LTKaisiadory_LTPagiriai,http://data.europa.eu/949/functionalInfrastructure/operationalPoints/LTKaisiadory,http://data.europa.eu/949/functionalInfrastructure/operationalPoints/LTPagiriai
http://data.europa.eu/949/functionalInfrastructure/sectionsOfLine/6e428e2b26709c9ebb1fbc5b4f5247bea746a8be,http://data.europa.eu/949/functionalInfrastructure/sectionsOfLine/Vilnius-Klaipeda_LTVilnius_LTPaneriai,http://data.europa.eu/949/functionalInfrastructure/operationalPoints/LTVilnius,http://data.europa.eu/949/functionalInfrastructure/operationalPoints/LTPaneriai
http://data.europa.eu/949/functionalInfrastructure/sectionsOfLine/6ea64833b536608834a3d221e4324b7e1b8161fe,http://data.europa.eu/949/functionalInfrastructure/sectionsOfLine/Vilnius-Klaipeda_LTZasliai_LTKaisiadory,http://data.europa.eu/949/functionalInfrastructure/operationalPoints/LTZasliai,http://data.europa.eu/949/functionalInfrastructure/operationalPoints/LTKaisiadory
http://data.europa.eu/949/functionalInfrastructure/sectionsOfLine/74a66e3aa35f53fab32619bb39276679d2185ca9,http://data.europa.eu/949/functionalInfrastructure/sectionsOfLine/Vilnius-Klaipeda_LTSiauliai_LTVoveriskia,http://data.europa.eu/949/functionalInfrastructure/operationalPoints/LTSiauliai,http://data.europa.eu/949/functionalInfrastructure/operationalPoints/LTVoveriskia
http://data.europa.eu/949/functionalInfrastructure/sectionsOfLine/77cdf9e98b9795ea7b7fc38e9da7bb6b292feee2,http://data.europa.eu/949/functionalInfrastructure/sectionsOfLine/Vilnius-Stasylos-BY_LTVilnius_LTOrouostas,http://data.europa.eu/949/functionalInfrastructure/operationalPoints/LTVilnius,http://data.europa.eu/949/functionalInfrastructure/operationalPoints/LTOrouostas
http://data.europa.eu/949/functionalInfrastructure/sectionsOfLine/7a9dc5b83853bc0f02ce383b1107e83d014aca1a,http://data.europa.eu/949/functionalInfrastructure/sectionsOfLine/Vilnius-Klaipeda_LTVievis_LTKaugonys,http://data.europa.eu/949/functionalInfrastructure/operationalPoints/LTVievis,http://data.europa.eu/949/functionalInfrastructure/operationalPoints/LTKaugonys
http://data.europa.eu/949/functionalInfrastructure/sectionsOfLine/7ceaa962d1631ed15525c74127da9e4c42142135,http://data.europa.eu/949/functionalInfrastructure/sectionsOfLine/Radviliskis-Pagegiai-RU_LTKutiskiai_LTJonaitiski,http://data.europa.eu/949/functionalInfrastructure/operationalPoints/LTKutiskiai,http://data.europa.eu/949/functionalInfrastructure/operationalPoints/LTJonaitiski
http://data.europa.eu/949/functionalInfrastructure/sectionsOfLine/7efca2a6c3341ce7dc515ac2b0adcbb64bd8308b,http://data.europa.eu/949/functionalInfrastructure/sectionsOfLine/Naujoji_Vilnia-Turmantas-LV_LTPailgis_LTPabrade,http://data.europa.eu/949/functionalInfrastructure/operationalPoints/LTPailgis,http://data.europa.eu/949/functionalInfrastructure/operationalPoints/LTPabrade
http://data.europa.eu/949/functionalInfrastructure/sectionsOfLine/815930df9b2bf114943784ee23ad6740e74d9a62,http://data.europa.eu/949/functionalInfrastructure/sectionsOfLine/Naujoji_Vilnia-Turmantas-LV_LTPabrade_LTPazeimene,http://data.europa.eu/949/functionalInfrastructure/operationalPoints/LTPabrade,http://data.europa.eu/949/functionalInfrastructure/operationalPoints/LTPazeimene
http://data.europa.eu/949/functionalInfrastructure/sectionsOfLine/840d4af185914055f92437b4ddb73c75eb8f7de3,http://data.europa.eu/949/functionalInfrastructure/sectionsOfLine/Vilnius-Klaipeda_LTBaltamiski_LTVievis,http://data.europa.eu/949/functionalInfrastructure/operationalPoints/LTBaltamiski,http://data.europa.eu/949/functionalInfrastructure/operationalPoints/LTVievis
http://data.europa.eu/949/functionalInfrastructure/sectionsOfLine/84e9c7cf01adbcf6c59e0072ae6521ca31544322,http://data.europa.eu/949/functionalInfrastructure/sectionsOfLine/Kazlu_Ruda-Mockava-PL_LTSestokai_LTMockava,http://data.europa.eu/949/functionalInfrastructure/operationalPoints/LTSestokai,http://data.europa.eu/949/functionalInfrastructure/operationalPoints/LTMockava
http://data.europa.eu/949/functionalInfrastructure/sectionsOfLine/85b43a87933c430858f26d29a694f47126214695,http://data.europa.eu/949/functionalInfrastructure/sectionsOfLine/Vilnius-Klaipeda_LTJonava_LTZeimiai,http://data.europa.eu/949/functionalInfrastructure/operationalPoints/LTJonava,http://data.europa.eu/949/functionalInfrastructure/operationalPoints/LTZeimiai
http://data.europa.eu/949/functionalInfrastructure/sectionsOfLine/87ab73648ab49d2f0d16ce325916553b636d00e9,http://data.europa.eu/949/functionalInfrastructure/sectionsOfLine/Lentvaris-Marcinkonys-BY_LTPamerkiai_LTMatuizos,http://data.europa.eu/949/functionalInfrastructure/operationalPoints/LTPamerkiai,http://data.europa.eu/949/functionalInfrastructure/operationalPoints/LTMatuizos
http://data.europa.eu/949/functionalInfrastructure/sectionsOfLine/888f72e8f9bbb34bfd5733d94009d4ba0dd75c82,http://data.europa.eu/949/functionalInfrastructure/sectionsOfLine/Naujoji_Vilnia-Turmantas-LV_LTLobiniai_LTDukstas,http://data.europa.eu/949/functionalInfrastructure/operationalPoints/LTLobiniai,http://data.europa.eu/949/functionalInfrastructure/operationalPoints/LTDukstas
http://data.europa.eu/949/functionalInfrastructure/sectionsOfLine/8a90534009e4852173eadeb7aa72fa8b4e86715a,http://data.europa.eu/949/functionalInfrastructure/sectionsOfLine/Radviliskis-Rokiskis-LV_LTPanemuneli_LTTindziulia,http://data.europa.eu/949/functionalInfrastructure/operationalPoints/LTPanemuneli,http://data.europa.eu/949/functionalInfrastructure/operationalPoints/LTTindziulia
http://data.europa.eu/949/functionalInfrastructure/sectionsOfLine/8aab2d6bd81512d28458d862574967cadc095b82,http://data.europa.eu/949/functionalInfrastructure/sectionsOfLine/Kaisiadorys-Kaunas-Kybartai-RU_LTKazluRuda_LTBagotoji,http://data.europa.eu/949/functionalInfrastructure/operationalPoints/LTKazluRuda,http://data.europa.eu/949/functionalInfrastructure/operationalPoints/LTBagotoji
http://data.europa.eu/949/functionalInfrastructure/sectionsOfLine/8ac18205b5be14c7609b9dc6f321202aa7e8f83e,http://data.europa.eu/949/functionalInfrastructure/sectionsOfLine/Vilnius-Klaipeda_LTKariotiske_LTSausiai,http://data.europa.eu/949/functionalInfrastructure/operationalPoints/LTKariotiske,http://data.europa.eu/949/functionalInfrastructure/operationalPoints/LTSausiai
http://data.europa.eu/949/functionalInfrastructure/sectionsOfLine/8cb5238f1d9ea282b28c19bbdf0660ebe77b04cf,http://data.europa.eu/949/functionalInfrastructure/sectionsOfLine/Vilnius-Klaipeda_LTGiruliai_LTKlaipeda,http://data.europa.eu/949/functionalInfrastructure/operationalPoints/LTGiruliai,http://data.europa.eu/949/functionalInfrastructure/operationalPoints/LTKlaipeda
http://data.europa.eu/949/functionalInfrastructure/sectionsOfLine/8d1f4f8847ab2e4174d396129a9a909164cf91aa,http://data.europa.eu/949/functionalInfrastructure/sectionsOfLine/Vilnius-Stasylos-BY_LTParudaminy_LTTeresiskes,http://data.europa.eu/949/functionalInfrastructure/operationalPoints/LTParudaminy,http://data.europa.eu/949/functionalInfrastructure/operationalPoints/LTTeresiskes
http://data.europa.eu/949/functionalInfrastructure/sectionsOfLine/8dd76e2250cd88b2107bd9ba90b07f9121271d1a,http://data.europa.eu/949/functionalInfrastructure/sectionsOfLine/Lentvaris-Marcinkonys-BY_LTLentvaris_LTSen.Trakai,http://data.europa.eu/949/functionalInfrastructure/operationalPoints/LTLentvaris,http://data.europa.eu/949/functionalInfrastructure/operationalPoints/LTSen.Trakai
http://data.europa.eu/949/functionalInfrastructure/sectionsOfLine/8e186ceab3d14d2efe4f7392101626ab7b0bc474,http://data.europa.eu/949/functionalInfrastructure/sectionsOfLine/Kazlu_Ruda-Mockava-PL_LTMockava_EU00142,http://data.europa.eu/949/functionalInfrastructure/operationalPoints/LTMockava,http://data.europa.eu/949/functionalInfrastructure/operationalPoints/EU00142
http://data.europa.eu/949/functionalInfrastructure/sectionsOfLine/8f81282ba8d28d4d0c4e646352b5864570cef294,http://data.europa.eu/949/functionalInfrastructure/sectionsOfLine/Mazeikiai-LV_LTMazeikiai_EU00148,http://data.europa.eu/949/functionalInfrastructure/operationalPoints/LTMazeikiai,http://data.europa.eu/949/functionalInfrastructure/operationalPoints/EU00148
http://data.europa.eu/949/functionalInfrastructure/sectionsOfLine/90a5ddffaf996c63bd986dfe892fee71e45b99f1,http://data.europa.eu/949/functionalInfrastructure/sectionsOfLine/Naujoji_Vilnia-Turmantas-LV_LTTurmantas_EU00147,http://data.europa.eu/949/functionalInfrastructure/operationalPoints/LTTurmantas,http://data.europa.eu/949/functionalInfrastructure/operationalPoints/EU00147
http://data.europa.eu/949/functionalInfrastructure/sectionsOfLine/922cdde15e1e9c8c979a8c53514620252274458c,http://data.europa.eu/949/functionalInfrastructure/sectionsOfLine/Naujoji_Vilnia-Turmantas-LV_LTSantaka_LTPailgis,http://data.europa.eu/949/functionalInfrastructure/operationalPoints/LTSantaka,http://data.europa.eu/949/functionalInfrastructure/operationalPoints/LTPailgis
http://data.europa.eu/949/functionalInfrastructure/sectionsOfLine/92e634758134c674269a8c06b8dea0bf01a66040,http://data.europa.eu/949/functionalInfrastructure/sectionsOfLine/Radviliskis-Pagegiai-RU_LTPagegiai_EU00253,http://data.europa.eu/949/functionalInfrastructure/operationalPoints/LTPagegiai,http://data.europa.eu/949/functionalInfrastructure/operationalPoints/EU00253
http://data.europa.eu/949/functionalInfrastructure/sectionsOfLine/940e92b94ac4fe56f68ffc51b50cf590bb5f1f23,http://data.europa.eu/949/functionalInfrastructure/sectionsOfLine/Vilnius-Klaipeda_LTBaisogala_LTGimbogala,http://data.europa.eu/949/functionalInfrastructure/operationalPoints/LTBaisogala,http://data.europa.eu/949/functionalInfrastructure/operationalPoints/LTGimbogala
http://data.europa.eu/949/functionalInfrastructure/sectionsOfLine/944ff7269123b36307402c308308b5cf5c696d78,http://data.europa.eu/949/functionalInfrastructure/sectionsOfLine/Radviliskis-Pagegiai-RU_LTVidukle_LTTaurage,http://data.europa.eu/949/functionalInfrastructure/operationalPoints/LTVidukle,http://data.europa.eu/949/functionalInfrastructure/operationalPoints/LTTaurage
http://data.europa.eu/949/functionalInfrastructure/sectionsOfLine/94f004351aeae1bb0c30172abe2815559e30dec9,http://data.europa.eu/949/functionalInfrastructure/sectionsOfLine/Vilnius-Klaipeda_LTLazdenai_LTBaltamiski,http://data.europa.eu/949/functionalInfrastructure/operationalPoints/LTLazdenai,http://data.europa.eu/949/functionalInfrastructure/operationalPoints/LTBaltamiski
http://data.europa.eu/949/functionalInfrastructure/sectionsOfLine/9613a4ec1165a8f741840a10f36f0a5c6400a7e3,http://data.europa.eu/949/functionalInfrastructure/sectionsOfLine/Rimkai-Draugyste_LTRimkai_LTDraugyste,http://data.europa.eu/949/functionalInfrastructure/operationalPoints/LTRimkai,http://data.europa.eu/949/functionalInfrastructure/operationalPoints/LTDraugyste
http://data.europa.eu/949/functionalInfrastructure/sectionsOfLine/967732bdca566a96e00e909f8dc54a8de63d6e33,http://data.europa.eu/949/functionalInfrastructure/sectionsOfLine/Vilnius-Stasylos-BY_LTJuodsiliai_LTValciunai,http://data.europa.eu/949/functionalInfrastructure/operationalPoints/LTJuodsiliai,http://data.europa.eu/949/functionalInfrastructure/operationalPoints/LTValciunai
http://data.europa.eu/949/functionalInfrastructure/sectionsOfLine/97b2839cf0af103785c4075a92c68e42b5f7e5c8,http://data.europa.eu/949/functionalInfrastructure/sectionsOfLine/Naujoji_Vilnia-Turmantas-LV_LTN.Vilnia_LTETD1,http://data.europa.eu/949/functionalInfrastructure/operationalPoints/LTN.Vilnia,http://data.europa.eu/949/functionalInfrastructure/operationalPoints/LTETD1
http://data.europa.eu/949/functionalInfrastructure/sectionsOfLine/97ba7cbd4415a6a745a00f581c29ad4df469c15b,http://data.europa.eu/949/functionalInfrastructure/sectionsOfLine/Kazlu_Ruda-Mockava-PL_LTKalvarija_LTSestokai,http://data.europa.eu/949/functionalInfrastructure/operationalPoints/LTKalvarija,http://data.europa.eu/949/functionalInfrastructure/operationalPoints/LTSestokai
http://data.europa.eu/949/functionalInfrastructure/sectionsOfLine/9810de83f6dbd72fb2c08197c8ade2a79fc45469,http://data.europa.eu/949/functionalInfrastructure/sectionsOfLine/Kuziai-Mazeikiai-Bugeniai-LV_LTKursenai_LTPapile,http://data.europa.eu/949/functionalInfrastructure/operationalPoints/LTKursenai,http://data.europa.eu/949/functionalInfrastructure/operationalPoints/LTPapile
http://data.europa.eu/949/functionalInfrastructure/sectionsOfLine/98a5cddb8140bdb7f1692faf00d2f2e8bb92f855,http://data.europa.eu/949/functionalInfrastructure/sectionsOfLine/Gaiziunai-Palemonas_LTGaiziunai_LTKalnenai,http://data.europa.eu/949/functionalInfrastructure/operationalPoints/LTGaiziunai,http://data.europa.eu/949/functionalInfrastructure/operationalPoints/LTKalnenai
http://data.europa.eu/949/functionalInfrastructure/sectionsOfLine/99096cb9fac90dc48ed3d942e43eaffceb0ee10c,http://data.europa.eu/949/functionalInfrastructure/sectionsOfLine/Siauliai-Joniskis-LV_LTSiauliai_LTGubernija,http://data.europa.eu/949/functionalInfrastructure/operationalPoints/LTSiauliai,http://data.europa.eu/949/functionalInfrastructure/operationalPoints/LTGubernija
http://data.europa.eu/949/functionalInfrastructure/sectionsOfLine/9a63951cb48250036caaecd30b32196c9ba9b422,http://data.europa.eu/949/functionalInfrastructure/sectionsOfLine/Vilnius-Klaipeda_LTMankiskiai_LTSilenai,http://data.europa.eu/949/functionalInfrastructure/operationalPoints/LTMankiskiai,http://data.europa.eu/949/functionalInfrastructure/operationalPoints/LTSilenai
http://data.europa.eu/949/functionalInfrastructure/sectionsOfLine/9acfcf8aa2d5996d476bb887f8aa2997a5bb76f6,http://data.europa.eu/949/functionalInfrastructure/sectionsOfLine/Radviliskis-Pagegiai-RU_LTTaurage_LTPagegiai,http://data.europa.eu/949/functionalInfrastructure/operationalPoints/LTTaurage,http://data.europa.eu/949/functionalInfrastructure/operationalPoints/LTPagegiai
http://data.europa.eu/949/functionalInfrastructure/sectionsOfLine/9b6e62693deaf574d6f09973c89617fe6a68730c,http://data.europa.eu/949/functionalInfrastructure/sectionsOfLine/Vaidotai-Paneriai_LTVaidotai_LTPaneriai,http://data.europa.eu/949/functionalInfrastructure/operationalPoints/LTVaidotai,http://data.europa.eu/949/functionalInfrastructure/operationalPoints/LTPaneriai
http://data.europa.eu/949/functionalInfrastructure/sectionsOfLine/9f631d53a7d8a1a38f623f487cc4a014283fba54,http://data.europa.eu/949/functionalInfrastructure/sectionsOfLine/Kaisiadorys-Kaunas-Kybartai-RU_LTJiesia_LTGarliava,http://data.europa.eu/949/functionalInfrastructure/operationalPoints/LTJiesia,http://data.europa.eu/949/functionalInfrastructure/operationalPoints/LTGarliava
http://data.europa.eu/949/functionalInfrastructure/sectionsOfLine/a00eccbe8db8b8b8f5afc9f03b68b7944f87b605,http://data.europa.eu/949/functionalInfrastructure/sectionsOfLine/Vilnius-Klaipeda_LTKulupenai_LTBP344,http://data.europa.eu/949/functionalInfrastructure/operationalPoints/LTKulupenai,http://data.europa.eu/949/functionalInfrastructure/operationalPoints/LTBP344
http://data.europa.eu/949/functionalInfrastructure/sectionsOfLine/a2c625c69eef2d53b395b4ce9021b3ed90bde857,http://data.europa.eu/949/functionalInfrastructure/sectionsOfLine/Sestokai-Alytus_LTSestokai_LTAlytus,http://data.europa.eu/949/functionalInfrastructure/operationalPoints/LTSestokai,http://data.europa.eu/949/functionalInfrastructure/operationalPoints/LTAlytus
http://data.europa.eu/949/functionalInfrastructure/sectionsOfLine/a370ce6c3bfdca713aed38ec0bc9bad29d00cf74,http://data.europa.eu/949/functionalInfrastructure/sectionsOfLine/Radviliskis-Rokiskis-LV_LTPanevezys_LTKarsakiski,http://data.europa.eu/949/functionalInfrastructure/operationalPoints/LTPanevezys,http://data.europa.eu/949/functionalInfrastructure/operationalPoints/LTKarsakiski
http://data.europa.eu/949/functionalInfrastructure/sectionsOfLine/a3882dd6488517e6433ee8671422ed1eabc968f5,http://data.europa.eu/949/functionalInfrastructure/sectionsOfLine/Kazlu_Ruda-Mockava-PL_LTVincai_LTMarijampol,http://data.europa.eu/949/functionalInfrastructure/operationalPoints/LTVincai,http://data.europa.eu/949/functionalInfrastructure/operationalPoints/LTMarijampol
http://data.europa.eu/949/functionalInfrastructure/sectionsOfLine/a8ba493a521c424483020f8c74e655ed6e5bdc51,http://data.europa.eu/949/functionalInfrastructure/sectionsOfLine/Naujoji_Vilnia-Turmantas-LV_LTPakretuone_LTIgnalina,http://data.europa.eu/949/functionalInfrastructure/operationalPoints/LTPakretuone,http://data.europa.eu/949/functionalInfrastructure/operationalPoints/LTIgnalina
http://data.europa.eu/949/functionalInfrastructure/sectionsOfLine/a9968016e76cafce7c0110d44be2e0138b5f766c,http://data.europa.eu/949/functionalInfrastructure/sectionsOfLine/Radviliskis-Rokiskis-LV_LTKarsakiski_LTBygailiai,http://data.europa.eu/949/functionalInfrastructure/operationalPoints/LTKarsakiski,http://data.europa.eu/949/functionalInfrastructure/operationalPoints/LTBygailiai
http://data.europa.eu/949/functionalInfrastructure/sectionsOfLine/aacdb3b4e73007d6caea67fe809885315a94d288,http://data.europa.eu/949/functionalInfrastructure/sectionsOfLine/Naujoji_Vilnia-Turmantas-LV_LTSkersabali_LTSantaka,http://data.europa.eu/949/functionalInfrastructure/operationalPoints/LTSkersabali,http://data.europa.eu/949/functionalInfrastructure/operationalPoints/LTSantaka
http://data.europa.eu/949/functionalInfrastructure/sectionsOfLine/aafafb401d4c6d5db1fdd3bcbf78e116bdbb2ba3,http://data.europa.eu/949/functionalInfrastructure/sectionsOfLine/Radviliskis-Rokiskis-LV_LTRadviliski_LTSeduva,http://data.europa.eu/949/functionalInfrastructure/operationalPoints/LTRadviliski,http://data.europa.eu/949/functionalInfrastructure/operationalPoints/LTSeduva
http://data.europa.eu/949/functionalInfrastructure/sectionsOfLine/abb5b35ee6d3949ce0c1b9f316eae8090083e0c9,http://data.europa.eu/949/functionalInfrastructure/sectionsOfLine/Naujoji_Vilnia-Turmantas-LV_LTBezdonys_LTSkersabali,http://data.europa.eu/949/functionalInfrastructure/operationalPoints/LTBezdonys,http://data.europa.eu/949/functionalInfrastructure/operationalPoints/LTSkersabali
http://data.europa.eu/949/functionalInfrastructure/sectionsOfLine/abe297fd4f57347c1bcb33cf873865d4e9af6f14,http://data.europa.eu/949/functionalInfrastructure/sectionsOfLine/Vilnius-Klaipeda_LTVoveriskia_LTKuziai,http://data.europa.eu/949/functionalInfrastructure/operationalPoints/LTVoveriskia,http://data.europa.eu/949/functionalInfrastructure/operationalPoints/LTKuziai
http://data.europa.eu/949/functionalInfrastructure/sectionsOfLine/ae24c699bcb26373cad84ed92a1d18ac2795c690,http://data.europa.eu/949/functionalInfrastructure/sectionsOfLine/Lentvaris-Marcinkonys-BY_LTRudiskes_LTKlepociai,http://data.europa.eu/949/functionalInfrastructure/operationalPoints/LTRudiskes,http://data.europa.eu/949/functionalInfrastructure/operationalPoints/LTKlepociai
http://data.europa.eu/949/functionalInfrastructure/sectionsOfLine/b08690ae365b8718d8abf85afdf89584f9115a41,http://data.europa.eu/949/functionalInfrastructure/sectionsOfLine/Kaisiadorys-Kaunas-Kybartai-RU_LTVilkaviski_LTAlvitas,http://data.europa.eu/949/functionalInfrastructure/operationalPoints/LTVilkaviski,http://data.europa.eu/949/functionalInfrastructure/operationalPoints/LTAlvitas
http://data.europa.eu/949/functionalInfrastructure/sectionsOfLine/b0bfd5e8db83d350551dac28ae6af9c6c6038efa,http://data.europa.eu/949/functionalInfrastructure/sectionsOfLine/Vilnius-Klaipeda_LTBP278_LTTelsiai,http://data.europa.eu/949/functionalInfrastructure/operationalPoints/LTBP278,http://data.europa.eu/949/functionalInfrastructure/operationalPoints/LTTelsiai
http://data.europa.eu/949/functionalInfrastructure/sectionsOfLine/b4881d1935a8806e4f8b8260f39ea47c71ac07f6,http://data.europa.eu/949/functionalInfrastructure/sectionsOfLine/Vilnius-Klaipeda_LTLentvaris_LTKariotiske,http://data.europa.eu/949/functionalInfrastructure/operationalPoints/LTLentvaris,http://data.europa.eu/949/functionalInfrastructure/operationalPoints/LTKariotiske
http://data.europa.eu/949/functionalInfrastructure/sectionsOfLine/b6b96164a961047808dae34445cd13a9f1cf7515,http://data.europa.eu/949/functionalInfrastructure/sectionsOfLine/Vilnius-Klaipeda_LTDotnuva_LTGudziunai,http://data.europa.eu/949/functionalInfrastructure/operationalPoints/LTDotnuva,http://data.europa.eu/949/functionalInfrastructure/operationalPoints/LTGudziunai
http://data.europa.eu/949/functionalInfrastructure/sectionsOfLine/b6e03a7452a2bc6b83987ab403f4fb20d664e1ea,http://data.europa.eu/949/functionalInfrastructure/sectionsOfLine/Kaisiadorys-Kaunas-Kybartai-RU_LTPilviskiai_LTAlksnenai,http://data.europa.eu/949/functionalInfrastructure/operationalPoints/LTPilviskiai,http://data.europa.eu/949/functionalInfrastructure/operationalPoints/LTAlksnenai
http://data.europa.eu/949/functionalInfrastructure/sectionsOfLine/b7c0bd284e1a14ea48039f0176c2e4bca4df2f51,http://data.europa.eu/949/functionalInfrastructure/sectionsOfLine/Sen.Trakai-Trakai_LTSen.Trakai_LTTrakai,http://data.europa.eu/949/functionalInfrastructure/operationalPoints/LTSen.Trakai,http://data.europa.eu/949/functionalInfrastructure/operationalPoints/LTTrakai
http://data.europa.eu/949/functionalInfrastructure/sectionsOfLine/b7df76bda081780a70335d2beeac786ed8802e91,http://data.europa.eu/949/functionalInfrastructure/sectionsOfLine/Kazlu_Ruda-Mockava-PL_LTMarijampol_LTKalvarija,http://data.europa.eu/949/functionalInfrastructure/operationalPoints/LTMarijampol,http://data.europa.eu/949/functionalInfrastructure/operationalPoints/LTKalvarija
http://data.europa.eu/949/functionalInfrastructure/sectionsOfLine/b948bd91fd5be7343d16b13306fc77eecc37694f,http://data.europa.eu/949/functionalInfrastructure/sectionsOfLine/Lentvaris-Marcinkonys-BY_LTSen.Trakai_LTMiskiniai,http://data.europa.eu/949/functionalInfrastructure/operationalPoints/LTSen.Trakai,http://data.europa.eu/949/functionalInfrastructure/operationalPoints/LTMiskiniai
http://data.europa.eu/949/functionalInfrastructure/sectionsOfLine/ba9a5f3e34890d7879e8962572ad711960c1999c,http://data.europa.eu/949/functionalInfrastructure/sectionsOfLine/Vilnius-Klaipeda_LTKretingale_LTKalote,http://data.europa.eu/949/functionalInfrastructure/operationalPoints/LTKretingale,http://data.europa.eu/949/functionalInfrastructure/operationalPoints/LTKalote
http://data.europa.eu/949/functionalInfrastructure/sectionsOfLine/bbfc49cc1560b6129c90512ffc7a775b951a8cf9,http://data.europa.eu/949/functionalInfrastructure/sectionsOfLine/Vilnius-Klaipeda_LTRadviliski_LTDurpynas,http://data.europa.eu/949/functionalInfrastructure/operationalPoints/LTRadviliski,http://data.europa.eu/949/functionalInfrastructure/operationalPoints/LTDurpynas
http://data.europa.eu/949/functionalInfrastructure/sectionsOfLine/bc6494c4d76eb7e4c6d3e388eb7e1037c3c58aae,http://data.europa.eu/949/functionalInfrastructure/sectionsOfLine/Vilnius-Klaipeda_LTBajorai_LTKretingale,http://data.europa.eu/949/functionalInfrastructure/operationalPoints/LTBajorai,http://data.europa.eu/949/functionalInfrastructure/operationalPoints/LTKretingale
http://data.europa.eu/949/functionalInfrastructure/sectionsOfLine/be58b466336d44dd43475889e85058bf56007901,http://data.europa.eu/949/functionalInfrastructure/sectionsOfLine/Radviliskis-Rokiskis-LV_LTLabuciai_LTGustonys,http://data.europa.eu/949/functionalInfrastructure/operationalPoints/LTLabuciai,http://data.europa.eu/949/functionalInfrastructure/operationalPoints/LTGustonys
http://data.europa.eu/949/functionalInfrastructure/sectionsOfLine/c04d2306b0ede25e5f98882d05e90d38c521fe3e,http://data.europa.eu/949/functionalInfrastructure/sectionsOfLine/Palemonas-Rokai-Jiesia_LTPalemonas_LTRokai,http://data.europa.eu/949/functionalInfrastructure/operationalPoints/LTPalemonas,http://data.europa.eu/949/functionalInfrastructure/operationalPoints/LTRokai
http://data.europa.eu/949/functionalInfrastructure/sectionsOfLine/c1c9b8ff1866d9990e91bbb62bf315765e757aa6,http://data.europa.eu/949/functionalInfrastructure/sectionsOfLine/Radviliskis-Rokiskis-LV_LTSeduva_LTLaba,http://data.europa.eu/949/functionalInfrastructure/operationalPoints/LTSeduva,http://data.europa.eu/949/functionalInfrastructure/operationalPoints/LTLaba
http://data.europa.eu/949/functionalInfrastructure/sectionsOfLine/c213bb3f6f4296cea43c442be2c8b6476573f46b,http://data.europa.eu/949/functionalInfrastructure/sectionsOfLine/Svencioneliai-Utena_LTSvencionel_LTUtena,http://data.europa.eu/949/functionalInfrastructure/operationalPoints/LTSvencionel,http://data.europa.eu/949/functionalInfrastructure/operationalPoints/LTUtena
http://data.europa.eu/949/functionalInfrastructure/sectionsOfLine/c30987dbae3c8997ab76729e73ed1dcc3a208300,http://data.europa.eu/949/functionalInfrastructure/sectionsOfLine/Silenai-Jonaitiskiai_LTSilenai_LTJonaitiski,http://data.europa.eu/949/functionalInfrastructure/operationalPoints/LTSilenai,http://data.europa.eu/949/functionalInfrastructure/operationalPoints/LTJonaitiski
http://data.europa.eu/949/functionalInfrastructure/sectionsOfLine/c438ad05589dfa72d09e8c8c77613e52d9a39f87,http://data.europa.eu/949/functionalInfrastructure/sectionsOfLine/Kuziai-Mazeikiai-Bugeniai-LV_LTVieksniai_LTMazeikiai,http://data.europa.eu/949/functionalInfrastructure/operationalPoints/LTVieksniai,http://data.europa.eu/949/functionalInfrastructure/operationalPoints/LTMazeikiai
http://data.europa.eu/949/functionalInfrastructure/sectionsOfLine/c65f291bdb40b3797c1e9046ad7329ed3ee79f0d,http://data.europa.eu/949/functionalInfrastructure/sectionsOfLine/Vilnius-Stasylos-BY_LTKirtimai_LTJuodsiliai,http://data.europa.eu/949/functionalInfrastructure/operationalPoints/LTKirtimai,http://data.europa.eu/949/functionalInfrastructure/operationalPoints/LTJuodsiliai
http://data.europa.eu/949/functionalInfrastructure/sectionsOfLine/c8cce24159ff7051665b695a2cdc86900bc17900,http://data.europa.eu/949/functionalInfrastructure/sectionsOfLine/Vilnius-Kena-BY_LTVilnius_LTPavilnys,http://data.europa.eu/949/functionalInfrastructure/operationalPoints/LTVilnius,http://data.europa.eu/949/functionalInfrastructure/operationalPoints/LTPavilnys
http://data.europa.eu/949/functionalInfrastructure/sectionsOfLine/cbcce00d1cb6d9937d6081e11cbf7920f47613d3,http://data.europa.eu/949/functionalInfrastructure/sectionsOfLine/Klaipeda-Pagegiai_LTStoniskiai_LTPagegiai,http://data.europa.eu/949/functionalInfrastructure/operationalPoints/LTStoniskiai,http://data.europa.eu/949/functionalInfrastructure/operationalPoints/LTPagegiai
http://data.europa.eu/949/functionalInfrastructure/sectionsOfLine/cce59ba5455fe9bd2e16d00c39ce1b9c427fb72e,http://data.europa.eu/949/functionalInfrastructure/sectionsOfLine/Vilnius-Kena-BY_LTPavilnys_LTN.Vilnia,http://data.europa.eu/949/functionalInfrastructure/operationalPoints/LTPavilnys,http://data.europa.eu/949/functionalInfrastructure/operationalPoints/LTN.Vilnia
http://data.europa.eu/949/functionalInfrastructure/sectionsOfLine/cce75305dd4e1358c86e6a1993bc7bc5118745f8,http://data.europa.eu/949/functionalInfrastructure/sectionsOfLine/Vilnius-Klaipeda_LTPaneriai_LTVoke,http://data.europa.eu/949/functionalInfrastructure/operationalPoints/LTPaneriai,http://data.europa.eu/949/functionalInfrastructure/operationalPoints/LTVoke
http://data.europa.eu/949/functionalInfrastructure/sectionsOfLine/cd4bbe0af280b7efc86d378620104b6eab4b8c7f,http://data.europa.eu/949/functionalInfrastructure/sectionsOfLine/Lentvaris-Marcinkonys-BY_LTValkininka_LTPamerkiai,http://data.europa.eu/949/functionalInfrastructure/operationalPoints/LTValkininka,http://data.europa.eu/949/functionalInfrastructure/operationalPoints/LTPamerkiai
http://data.europa.eu/949/functionalInfrastructure/sectionsOfLine/cdbd323fb9ad3934727ef28615b1c6d98f89ad38,http://data.europa.eu/949/functionalInfrastructure/sectionsOfLine/Vilnius-Klaipeda_LTKalote_LTGiruliai,http://data.europa.eu/949/functionalInfrastructure/operationalPoints/LTKalote,http://data.europa.eu/949/functionalInfrastructure/operationalPoints/LTGiruliai
http://data.europa.eu/949/functionalInfrastructure/sectionsOfLine/cf03116470c2b09e7f31bb13996f68560a156232,http://data.europa.eu/949/functionalInfrastructure/sectionsOfLine/Kretinga-Darbenai_LTKretinga_LTDarbenai,http://data.europa.eu/949/functionalInfrastructure/operationalPoints/LTKretinga,http://data.europa.eu/949/functionalInfrastructure/operationalPoints/LTDarbenai
http://data.europa.eu/949/functionalInfrastructure/sectionsOfLine/cf39bd973da1ee6ab03641d9977531fab11d2f18,http://data.europa.eu/949/functionalInfrastructure/sectionsOfLine/Vilnius-Klaipeda_LTDurpynas_LTKutiskiai,http://data.europa.eu/949/functionalInfrastructure/operationalPoints/LTDurpynas,http://data.europa.eu/949/functionalInfrastructure/operationalPoints/LTKutiskiai
http://data.europa.eu/949/functionalInfrastructure/sectionsOfLine/d02706e80939654d4547981c07b12fe62976c602,http://data.europa.eu/949/functionalInfrastructure/sectionsOfLine/Vilnius-Klaipeda_LTKedainiai_LTDotnuva,http://data.europa.eu/949/functionalInfrastructure/operationalPoints/LTKedainiai,http://data.europa.eu/949/functionalInfrastructure/operationalPoints/LTDotnuva
http://data.europa.eu/949/functionalInfrastructure/sectionsOfLine/d17cb838ded6e37e8f4209a4be3bdae819cfd14f,http://data.europa.eu/949/functionalInfrastructure/sectionsOfLine/Vilnius-Klaipeda_LTRaudenai_LTTryskiai,http://data.europa.eu/949/functionalInfrastructure/operationalPoints/LTRaudenai,http://data.europa.eu/949/functionalInfrastructure/operationalPoints/LTTryskiai
http://data.europa.eu/949/functionalInfrastructure/sectionsOfLine/d238c12df56ae59d2b8132679323d562717ebf3a,http://data.europa.eu/949/functionalInfrastructure/sectionsOfLine/Palemonas-Rokai-Jiesia_LTRokai_LTJiesia,http://data.europa.eu/949/functionalInfrastructure/operationalPoints/LTRokai,http://data.europa.eu/949/functionalInfrastructure/operationalPoints/LTJiesia
http://data.europa.eu/949/functionalInfrastructure/sectionsOfLine/d313779b083c6b5db49337ff0425a5018c1150af,http://data.europa.eu/949/functionalInfrastructure/sectionsOfLine/Klaipeda-Pagegiai_LTKlaipeda_LTRimkai,http://data.europa.eu/949/functionalInfrastructure/operationalPoints/LTKlaipeda,http://data.europa.eu/949/functionalInfrastructure/operationalPoints/LTRimkai
http://data.europa.eu/949/functionalInfrastructure/sectionsOfLine/d39ec49f30fc0b9f6e4142db35fb6875f368587a,http://data.europa.eu/949/functionalInfrastructure/sectionsOfLine/Radviliskis-Rokiskis-LV_LTRadziunai_LTKupiskis,http://data.europa.eu/949/functionalInfrastructure/operationalPoints/LTRadziunai,http://data.europa.eu/949/functionalInfrastructure/operationalPoints/LTKupiskis
http://data.europa.eu/949/functionalInfrastructure/sectionsOfLine/d3a814bd93e8451c3705103f75c0f0a671300c30,http://data.europa.eu/949/functionalInfrastructure/sectionsOfLine/Vilnius-Stasylos-BY_LTOrouostas_LTKirtimai,http://data.europa.eu/949/functionalInfrastructure/operationalPoints/LTOrouostas,http://data.europa.eu/949/functionalInfrastructure/operationalPoints/LTKirtimai
http://data.europa.eu/949/functionalInfrastructure/sectionsOfLine/d3acd8531a70266dd88dee8ae51991f1d59d933c,http://data.europa.eu/949/functionalInfrastructure/sectionsOfLine/Naujoji_Vilnia-Turmantas-LV_LTVisaginas_LTTurmantas,http://data.europa.eu/949/functionalInfrastructure/operationalPoints/LTVisaginas,http://data.europa.eu/949/functionalInfrastructure/operationalPoints/LTTurmantas
http://data.europa.eu/949/functionalInfrastructure/sectionsOfLine/dd5d39b655d6dab915e189c9cc6b1bbe918214e6,http://data.europa.eu/949/functionalInfrastructure/sectionsOfLine/Kuziai-Mazeikiai-Bugeniai-LV_LTVenta_LTBugeniai,http://data.europa.eu/949/functionalInfrastructure/operationalPoints/LTVenta,http://data.europa.eu/949/functionalInfrastructure/operationalPoints/LTBugeniai
http://data.europa.eu/949/functionalInfrastructure/sectionsOfLine/dede7f4b9b427f31d10162bf8d9f12097c330322,http://data.europa.eu/949/functionalInfrastructure/sectionsOfLine/Kaisiadorys-Kaunas-Kybartai-RU_LTKybartai_EU00252,http://data.europa.eu/949/functionalInfrastructure/operationalPoints/LTKybartai,http://data.europa.eu/949/functionalInfrastructure/operationalPoints/EU00252
http://data.europa.eu/949/functionalInfrastructure/sectionsOfLine/e3de5ab7db49882c7f609b5738d5b5970f624333,http://data.europa.eu/949/functionalInfrastructure/sectionsOfLine/Vilnius-Klaipeda_LTTryskiai_LTDuseikiai,http://data.europa.eu/949/functionalInfrastructure/operationalPoints/LTTryskiai,http://data.europa.eu/949/functionalInfrastructure/operationalPoints/LTDuseikiai
http://data.europa.eu/949/functionalInfrastructure/sectionsOfLine/e3def59fb419fed91621fd927b7a265a581fdc53,http://data.europa.eu/949/functionalInfrastructure/sectionsOfLine/Vaidotai-Valciunai_LTVaidotai_LTValciunai,http://data.europa.eu/949/functionalInfrastructure/operationalPoints/LTVaidotai,http://data.europa.eu/949/functionalInfrastructure/operationalPoints/LTValciunai
http://data.europa.eu/949/functionalInfrastructure/sectionsOfLine/e5a31bf1b8c7a05a774d3ae6b6cd3c51c6fd9cc4,http://data.europa.eu/949/functionalInfrastructure/sectionsOfLine/Lentvaris-Marcinkonys-BY_LTKalviai_LTValkininka,http://data.europa.eu/949/functionalInfrastructure/operationalPoints/LTKalviai,http://data.europa.eu/949/functionalInfrastructure/operationalPoints/LTValkininka
http://data.europa.eu/949/functionalInfrastructure/sectionsOfLine/e676dd23b9ebdbd7eae1fdea175350a4db4f892e,http://data.europa.eu/949/functionalInfrastructure/sectionsOfLine/Vilnius-Kena-BY_LTPakene_LTKena,http://data.europa.eu/949/functionalInfrastructure/operationalPoints/LTPakene,http://data.europa.eu/949/functionalInfrastructure/operationalPoints/LTKena
http://data.europa.eu/949/functionalInfrastructure/sectionsOfLine/e78db521c605ea625931c79ffd110c25ef7b4ec6,http://data.europa.eu/949/functionalInfrastructure/sectionsOfLine/Vilnius-Klaipeda_LTKaugonys_LTZasliai,http://data.europa.eu/949/functionalInfrastructure/operationalPoints/LTKaugonys,http://data.europa.eu/949/functionalInfrastructure/operationalPoints/LTZasliai
http://data.europa.eu/949/functionalInfrastructure/sectionsOfLine/e7d8b830c254f129f452f69f77c9a82223bad094,http://data.europa.eu/949/functionalInfrastructure/sectionsOfLine/Vilnius-Kena-BY_LTN.Vilnia_LTETD2,http://data.europa.eu/949/functionalInfrastructure/operationalPoints/LTN.Vilnia,http://data.europa.eu/949/functionalInfrastructure/operationalPoints/LTETD2
http://data.europa.eu/949/functionalInfrastructure/sectionsOfLine/ea9331f53f1e10e4f77999ee7a8c859132dd5c8c,http://data.europa.eu/949/functionalInfrastructure/sectionsOfLine/Naujoji_Vilnia-Turmantas-LV_LTETD1_LTMickunai,http://data.europa.eu/949/functionalInfrastructure/operationalPoints/LTETD1,http://data.europa.eu/949/functionalInfrastructure/operationalPoints/LTMickunai
http://data.europa.eu/949/functionalInfrastructure/sectionsOfLine/eb3dc6d885bf92dc04fd1bd30d4e7a25f4e72ea0,http://data.europa.eu/949/functionalInfrastructure/sectionsOfLine/Vilnius-Klaipeda_LTZokniai_LTSiauliai,http://data.europa.eu/949/functionalInfrastructure/operationalPoints/LTZokniai,http://data.europa.eu/949/functionalInfrastructure/operationalPoints/LTSiauliai
http://data.europa.eu/949/functionalInfrastructure/sectionsOfLine/ebbd4109a3552da4d360be0225f864e4e774bae2,http://data.europa.eu/949/functionalInfrastructure/sectionsOfLine/Vilnius-Klaipeda_LTSodai_LTZokniai,http://data.europa.eu/949/functionalInfrastructure/operationalPoints/LTSodai,http://data.europa.eu/949/functionalInfrastructure/operationalPoints/LTZokniai
http://data.europa.eu/949/functionalInfrastructure/sectionsOfLine/ebe6f58b1ff10dfff141a2a7b3d695f155290d03,http://data.europa.eu/949/functionalInfrastructure/sectionsOfLine/Naujoji_Vilnia-Turmantas-LV_LTGerkonys_LTVisaginas,http://data.europa.eu/949/functionalInfrastructure/operationalPoints/LTGerkonys,http://data.europa.eu/949/functionalInfrastructure/operationalPoints/LTVisaginas
http://data.europa.eu/949/functionalInfrastructure/sectionsOfLine/ec0752546f327f94935aafe3afc51c9676701e12,http://data.europa.eu/949/functionalInfrastructure/sectionsOfLine/Naujoji_Vilnia-Turmantas-LV_LTIgnalina_LTLobiniai,http://data.europa.eu/949/functionalInfrastructure/operationalPoints/LTIgnalina,http://data.europa.eu/949/functionalInfrastructure/operationalPoints/LTLobiniai
http://data.europa.eu/949/functionalInfrastructure/sectionsOfLine/ec758cc0fe64d63ec4fff0b5250ad74cbd0e98d3,http://data.europa.eu/949/functionalInfrastructure/sectionsOfLine/Kaisiadorys-Kaunas-Kybartai-RU_LTPravienisk_LTKarciupis,http://data.europa.eu/949/functionalInfrastructure/operationalPoints/LTPravienisk,http://data.europa.eu/949/functionalInfrastructure/operationalPoints/LTKarciupis
http://data.europa.eu/949/functionalInfrastructure/sectionsOfLine/ed17f02eee145bb2bb824129b216584f3175574b,http://data.europa.eu/949/functionalInfrastructure/sectionsOfLine/Vilnius-Klaipeda_LTLieplauke_LTTarvainiai,http://data.europa.eu/949/functionalInfrastructure/operationalPoints/LTLieplauke,http://data.europa.eu/949/functionalInfrastructure/operationalPoints/LTTarvainiai
http://data.europa.eu/949/functionalInfrastructure/sectionsOfLine/ee290a38970a84fd340995f909e4aa1ac0ff1ca9,http://data.europa.eu/949/functionalInfrastructure/sectionsOfLine/Vilnius-Klaipeda_LTVoke_LTLentvaris,http://data.europa.eu/949/functionalInfrastructure/operationalPoints/LTVoke,http://data.europa.eu/949/functionalInfrastructure/operationalPoints/LTLentvaris
http://data.europa.eu/949/functionalInfrastructure/sectionsOfLine/f0abb6f8007a3daf9d97dfdfc62d004793fd2806,http://data.europa.eu/949/functionalInfrastructure/sectionsOfLine/Radviliskis-Rokiskis-LV_LTSkapiskis_LTPanemuneli,http://data.europa.eu/949/functionalInfrastructure/operationalPoints/LTSkapiskis,http://data.europa.eu/949/functionalInfrastructure/operationalPoints/LTPanemuneli
http://data.europa.eu/949/functionalInfrastructure/sectionsOfLine/f418a2c8824691424556906b4514c2b0b05edf7a,http://data.europa.eu/949/functionalInfrastructure/sectionsOfLine/Klaipeda-Pagegiai_LTSilute_LTStoniskiai,http://data.europa.eu/949/functionalInfrastructure/operationalPoints/LTSilute,http://data.europa.eu/949/functionalInfrastructure/operationalPoints/LTStoniskiai
http://data.europa.eu/949/functionalInfrastructure/sectionsOfLine/f44de4d6d6ca5fd1ed82d19f83aa6374a3299efd,http://data.europa.eu/949/functionalInfrastructure/sectionsOfLine/Vilnius-Stasylos-BY_LTStasylos_EU00251,http://data.europa.eu/949/functionalInfrastructure/operationalPoints/LTStasylos,http://data.europa.eu/949/functionalInfrastructure/operationalPoints/EU00251
http://data.europa.eu/949/functionalInfrastructure/sectionsOfLine/f67d478d18c277648517afe5517d91a51ecd1d24,http://data.europa.eu/949/functionalInfrastructure/sectionsOfLine/Vilnius-Stasylos-BY_LTJasiunai_LTKidarai,http://data.europa.eu/949/functionalInfrastructure/operationalPoints/LTJasiunai,http://data.europa.eu/949/functionalInfrastructure/operationalPoints/LTKidarai
http://data.europa.eu/949/functionalInfrastructure/sectionsOfLine/f697dea0d34f7fb6f933c0e5c358a830ae628786,http://data.europa.eu/949/functionalInfrastructure/sectionsOfLine/Siauliai-Joniskis-LV_LTJoniskis_EU00145,http://data.europa.eu/949/functionalInfrastructure/operationalPoints/LTJoniskis,http://data.europa.eu/949/functionalInfrastructure/operationalPoints/EU00145
http://data.europa.eu/949/functionalInfrastructure/sectionsOfLine/f7bb8dccf6ad87892cebdd267b0a6305b6ccea7c,http://data.europa.eu/949/functionalInfrastructure/sectionsOfLine/Lentvaris-Marcinkonys-BY_LTVarena_LTZervynos,http://data.europa.eu/949/functionalInfrastructure/operationalPoints/LTVarena,http://data.europa.eu/949/functionalInfrastructure/operationalPoints/LTZervynos
http://data.europa.eu/949/functionalInfrastructure/sectionsOfLine/f82346c9f159ce0cddb285b3865ac9c0c57daee9,http://data.europa.eu/949/functionalInfrastructure/sectionsOfLine/Vilnius-Stasylos-BY_LTKidarai_LTStasylos,http://data.europa.eu/949/functionalInfrastructure/operationalPoints/LTKidarai,http://data.europa.eu/949/functionalInfrastructure/operationalPoints/LTStasylos
http://data.europa.eu/949/functionalInfrastructure/sectionsOfLine/fbc19c1ffb15458ca465b919c9831f1b8a947e12,http://data.europa.eu/949/functionalInfrastructure/sectionsOfLine/Vilnius-Kena-BY_LTETD2_LTKyviskes,http://data.europa.eu/949/functionalInfrastructure/operationalPoints/LTETD2,http://data.europa.eu/949/functionalInfrastructure/operationalPoints/LTKyviskes
http://data.europa.eu/949/functionalInfrastructure/sectionsOfLine/fccd78ebe19d68cc07c9a492aecde486712ac63d,http://data.europa.eu/949/functionalInfrastructure/sectionsOfLine/Lentvaris-Marcinkonys-BY_LTZervynos_LTMarcinkony,http://data.europa.eu/949/functionalInfrastructure/operationalPoints/LTZervynos,http://data.europa.eu/949/functionalInfrastructure/operationalPoints/LTMarcinkony
http://data.europa.eu/949/functionalInfrastructure/sectionsOfLine/fe5f70c9b2f153226b4f261578c8463bb93c4418,http://data.europa.eu/949/functionalInfrastructure/sectionsOfLine/Vilnius-Klaipeda_LTDuseikiai_LTBP278,http://data.europa.eu/949/functionalInfrastructure/operationalPoints/LTDuseikiai,http://data.europa.eu/949/functionalInfrastructure/operationalPoints/LTBP278
