uri,sol_id,start,end
http://data.europa.eu/949/functionalInfrastructure/sectionsOfLine/0275a34dacee34e2f8a31bf4aa0e3fc954282c80,http://data.europa.eu/949/functionalInfrastructure/sectionsOfLine/Bettembourg-Dudelange-Usines%28Volmerange%29_LUDc%20%20%20_LUDu%20%20%20,http://data.europa.eu/949/functionalInfrastructure/operationalPoints/LUDc%20%20%20,http://data.europa.eu/949/functionalInfrastructure/operationalPoints/LUDu%20%20%20
http://data.europa.eu/949/functionalInfrastructure/sectionsOfLine/05100e99e82dfc6710e5190bc00bb2ca33351169,http://data.europa.eu/949/functionalInfrastructure/sectionsOfLine/Luxembourg-Troisvierges-fronti%C3%A8re_LUMc%20%20%20_LUGb%20%20%20,http://data.europa.eu/949/functionalInfrastructure/operationalPoints/LUMc%20%20%20,http://data.europa.eu/949/functionalInfrastructure/operationalPoints/LUGb%20%20%20
http://data.europa.eu/949/functionalInfrastructure/sectionsOfLine/064aeb93e88bade78b7f51f6acb347bc81fc25a2,http://data.europa.eu/949/functionalInfrastructure/sectionsOfLine/Ettelbruck-Bissen_LUCu%20%20%20_LUBi%20%20%20,http://data.europa.eu/949/functionalInfrastructure/operationalPoints/LUCu%20%20%20,http://data.europa.eu/949/functionalInfrastructure/operationalPoints/LUBi%20%20%20
http://data.europa.eu/949/functionalInfrastructure/sectionsOfLine/0684baf12975acd892a8540411f1a709c3ff2306,http://data.europa.eu/949/functionalInfrastructure/sectionsOfLine/Kautenbach-Wiltz_LUKt%20%20%20_LUMk%20%20%20,http://data.europa.eu/949/functionalInfrastructure/operationalPoints/LUKt%20%20%20,http://data.europa.eu/949/functionalInfrastructure/operationalPoints/LUMk%20%20%20
http://data.europa.eu/949/functionalInfrastructure/sectionsOfLine/068e110b462794ef646a1d87a5b8adcdf7b8388e,http://data.europa.eu/949/functionalInfrastructure/sectionsOfLine/Luxembourg-Troisvierges-fronti%C3%A8re_LUEb%20%20%20_LUBd%20%20%20,http://data.europa.eu/949/functionalInfrastructure/operationalPoints/LUEb%20%20%20,http://data.europa.eu/949/functionalInfrastructure/operationalPoints/LUBd%20%20%20
http://data.europa.eu/949/functionalInfrastructure/sectionsOfLine/09d0fcde8cb136c8f3578da16ba8858f78391ca6,http://data.europa.eu/949/functionalInfrastructure/sectionsOfLine/Kautenbach-Wiltz_LUPa%20%20%20_LUWz%20%20%20,http://data.europa.eu/949/functionalInfrastructure/operationalPoints/LUPa%20%20%20,http://data.europa.eu/949/functionalInfrastructure/operationalPoints/LUWz%20%20%20
http://data.europa.eu/949/functionalInfrastructure/sectionsOfLine/0a02fa1b131deaf46f2ba874b25cd11b3d9bbb0f,http://data.europa.eu/949/functionalInfrastructure/sectionsOfLine/Luxembourg-P%C3%A9tange_LULd%20%20%20_LULh%20%20%20,http://data.europa.eu/949/functionalInfrastructure/operationalPoints/LULd%20%20%20,http://data.europa.eu/949/functionalInfrastructure/operationalPoints/LULh%20%20%20
http://data.europa.eu/949/functionalInfrastructure/sectionsOfLine/0a0d97da190da7b8036b5573cd5e8dc710e952af,http://data.europa.eu/949/functionalInfrastructure/sectionsOfLine/Luxembourg-Troisvierges-fronti%C3%A8re_LUPf-K%20_LUDm%20%20%20,http://data.europa.eu/949/functionalInfrastructure/operationalPoints/LUPf-K%20,http://data.europa.eu/949/functionalInfrastructure/operationalPoints/LUDm%20%20%20
http://data.europa.eu/949/functionalInfrastructure/sectionsOfLine/0bf8bba2e89d9c61a04a64801b3663216056f769,http://data.europa.eu/949/functionalInfrastructure/sectionsOfLine/Bettembourg-Esch%2FAlzette_LUBt-V%20_LUNz%20%20%20,http://data.europa.eu/949/functionalInfrastructure/operationalPoints/LUBt-V%20,http://data.europa.eu/949/functionalInfrastructure/operationalPoints/LUNz%20%20%20
http://data.europa.eu/949/functionalInfrastructure/sectionsOfLine/0f1a4d014b9a237c1da52fa4e2fcdec9db246f61,http://data.europa.eu/949/functionalInfrastructure/sectionsOfLine/Luxembourg-Wasserbillig-fronti%C3%A8reviaSandweiler-Contern_LURt%20%20%20_LUBz%20%20%20,http://data.europa.eu/949/functionalInfrastructure/operationalPoints/LURt%20%20%20,http://data.europa.eu/949/functionalInfrastructure/operationalPoints/LUBz%20%20%20
http://data.europa.eu/949/functionalInfrastructure/sectionsOfLine/0fffd86f81eb8b7176311a09a6b6bde949dc54c0,http://data.europa.eu/949/functionalInfrastructure/sectionsOfLine/Luxembourg-Berchem-Oetrange_LUBc-N%20_LUBc-E%20,http://data.europa.eu/949/functionalInfrastructure/operationalPoints/LUBc-N%20,http://data.europa.eu/949/functionalInfrastructure/operationalPoints/LUBc-E%20
http://data.europa.eu/949/functionalInfrastructure/sectionsOfLine/1016a9994d85ec669db5ccd83b66b68f3e264846,http://data.europa.eu/949/functionalInfrastructure/sectionsOfLine/Kautenbach-Wiltz_LUMk%20%20%20_LUPa%20%20%20,http://data.europa.eu/949/functionalInfrastructure/operationalPoints/LUMk%20%20%20,http://data.europa.eu/949/functionalInfrastructure/operationalPoints/LUPa%20%20%20
http://data.europa.eu/949/functionalInfrastructure/sectionsOfLine/11155f23b9ed31b8a90c40c26db7fc3b0faea75f,http://data.europa.eu/949/functionalInfrastructure/sectionsOfLine/Noertzange-Rumelange_LUNz%20%20%20_LUBb%20%20%20,http://data.europa.eu/949/functionalInfrastructure/operationalPoints/LUNz%20%20%20,http://data.europa.eu/949/functionalInfrastructure/operationalPoints/LUBb%20%20%20
http://data.europa.eu/949/functionalInfrastructure/sectionsOfLine/12a076079f1e1871a9aeeeedd9c6b5c2d9e39d7e,http://data.europa.eu/949/functionalInfrastructure/sectionsOfLine/Luxembourg-Troisvierges-fronti%C3%A8re_LUCb%20%20%20_LUSr%20%20%20,http://data.europa.eu/949/functionalInfrastructure/operationalPoints/LUCb%20%20%20,http://data.europa.eu/949/functionalInfrastructure/operationalPoints/LUSr%20%20%20
http://data.europa.eu/949/functionalInfrastructure/sectionsOfLine/1c84a09f39853a95c8e3093ab895ba61ceb40781,http://data.europa.eu/949/functionalInfrastructure/sectionsOfLine/Luxembourg-Troisvierges-fronti%C3%A8re_LUTv%20%20%20_EU00095,http://data.europa.eu/949/functionalInfrastructure/operationalPoints/LUTv%20%20%20,http://data.europa.eu/949/functionalInfrastructure/operationalPoints/EU00095
http://data.europa.eu/949/functionalInfrastructure/sectionsOfLine/1e5cb549a5bf6fa876f575d75bd582302b1ae604,http://data.europa.eu/949/functionalInfrastructure/sectionsOfLine/Luxembourg-Bettembourg-fronti%C3%A8re_LULiv%20%20_LUBc%20%20%20,http://data.europa.eu/949/functionalInfrastructure/operationalPoints/LULiv%20%20,http://data.europa.eu/949/functionalInfrastructure/operationalPoints/LUBc%20%20%20
http://data.europa.eu/949/functionalInfrastructure/sectionsOfLine/20920661a0c097bc906bb99d83524eea6ec8323f,http://data.europa.eu/949/functionalInfrastructure/sectionsOfLine/Ettelbruck-Diekirch_LUEb%20%20%20_LUDk%20%20%20,http://data.europa.eu/949/functionalInfrastructure/operationalPoints/LUEb%20%20%20,http://data.europa.eu/949/functionalInfrastructure/operationalPoints/LUDk%20%20%20
http://data.europa.eu/949/functionalInfrastructure/sectionsOfLine/25d5214b28b49e48166058af2f6ad3da6897c615,http://data.europa.eu/949/functionalInfrastructure/sectionsOfLine/Esch%2FAlzette-P%C3%A9tange_LUBUn%20%20_LUBu%20%20%20,http://data.europa.eu/949/functionalInfrastructure/operationalPoints/LUBUn%20%20,http://data.europa.eu/949/functionalInfrastructure/operationalPoints/LUBu%20%20%20
http://data.europa.eu/949/functionalInfrastructure/sectionsOfLine/26125d77cc97bb22b5044ace72c24c2eff3c76eb,http://data.europa.eu/949/functionalInfrastructure/sectionsOfLine/Esch%2FAlzette-P%C3%A9tange_LUNk%20%20%20_LUD%20%20%20%20,http://data.europa.eu/949/functionalInfrastructure/operationalPoints/LUNk%20%20%20,http://data.europa.eu/949/functionalInfrastructure/operationalPoints/LUD%20%20%20%20
http://data.europa.eu/949/functionalInfrastructure/sectionsOfLine/27e60bc9d3ff4b06d4e6beb9da2519d1549e6476,http://data.europa.eu/949/functionalInfrastructure/sectionsOfLine/Luxembourg-Troisvierges-fronti%C3%A8re_LUCv%20%20%20_LUMl%20%20%20,http://data.europa.eu/949/functionalInfrastructure/operationalPoints/LUCv%20%20%20,http://data.europa.eu/949/functionalInfrastructure/operationalPoints/LUMl%20%20%20
http://data.europa.eu/949/functionalInfrastructure/sectionsOfLine/2e5c2ea92ef1eef24fb2f80dbc3bbbc52c7fa38e,http://data.europa.eu/949/functionalInfrastructure/sectionsOfLine/Luxembourg-Troisvierges-fronti%C3%A8re_LUGb%20%20%20_LUKt%20%20%20,http://data.europa.eu/949/functionalInfrastructure/operationalPoints/LUGb%20%20%20,http://data.europa.eu/949/functionalInfrastructure/operationalPoints/LUKt%20%20%20
http://data.europa.eu/949/functionalInfrastructure/sectionsOfLine/3067ce0877672840a2e590666332475371024482,http://data.europa.eu/949/functionalInfrastructure/sectionsOfLine/Bettembourg-Dudelange-Usines%28Volmerange%29_LUDv%20%20%20_LUDc%20%20%20,http://data.europa.eu/949/functionalInfrastructure/operationalPoints/LUDv%20%20%20,http://data.europa.eu/949/functionalInfrastructure/operationalPoints/LUDc%20%20%20
http://data.europa.eu/949/functionalInfrastructure/sectionsOfLine/30c7ee1018befe1548576415db3881104814df64,http://data.europa.eu/949/functionalInfrastructure/sectionsOfLine/Luxembourg-Wasserbillig-fronti%C3%A8reviaSandweiler-Contern_LUCs%20%20%20_LUSc%20%20%20,http://data.europa.eu/949/functionalInfrastructure/operationalPoints/LUCs%20%20%20,http://data.europa.eu/949/functionalInfrastructure/operationalPoints/LUSc%20%20%20
http://data.europa.eu/949/functionalInfrastructure/sectionsOfLine/38270c64e6ad989c56d9284ff74aa767d36b9901,http://data.europa.eu/949/functionalInfrastructure/sectionsOfLine/Luxembourg-Troisvierges-fronti%C3%A8re_LUCt%20%20%20_LUCb%20%20%20,http://data.europa.eu/949/functionalInfrastructure/operationalPoints/LUCt%20%20%20,http://data.europa.eu/949/functionalInfrastructure/operationalPoints/LUCb%20%20%20
http://data.europa.eu/949/functionalInfrastructure/sectionsOfLine/3fc62a1d9dffb2bacb6b138f511f9b141db8da06,http://data.europa.eu/949/functionalInfrastructure/sectionsOfLine/Luxembourg-Kleinbettingen-fronti%C3%A8re_LUMr%20%20%20_LUCp%20%20%20,http://data.europa.eu/949/functionalInfrastructure/operationalPoints/LUMr%20%20%20,http://data.europa.eu/949/functionalInfrastructure/operationalPoints/LUCp%20%20%20
http://data.europa.eu/949/functionalInfrastructure/sectionsOfLine/3fe2246e6cefa30fb4c4ad553e32d73d82ae37cc,http://data.europa.eu/949/functionalInfrastructure/sectionsOfLine/Luxembourg-Bettembourg-fronti%C3%A8re_LUF-S6%20_LUF%20%20%20%20,http://data.europa.eu/949/functionalInfrastructure/operationalPoints/LUF-S6%20,http://data.europa.eu/949/functionalInfrastructure/operationalPoints/LUF%20%20%20%20
http://data.europa.eu/949/functionalInfrastructure/sectionsOfLine/404ef630d44e18cfae9d54920679245ffbec1928,http://data.europa.eu/949/functionalInfrastructure/sectionsOfLine/Luxembourg-Troisvierges-fronti%C3%A8re_LUBd%20%20%20_LUMc%20%20%20,http://data.europa.eu/949/functionalInfrastructure/operationalPoints/LUBd%20%20%20,http://data.europa.eu/949/functionalInfrastructure/operationalPoints/LUMc%20%20%20
http://data.europa.eu/949/functionalInfrastructure/sectionsOfLine/411a57f8dbdd23ff7728740fe5604c3eeb0784a6,http://data.europa.eu/949/functionalInfrastructure/sectionsOfLine/Bettembourg-Esch%2FAlzette_LUSchb%20_LUSg%20%20%20,http://data.europa.eu/949/functionalInfrastructure/operationalPoints/LUSchb%20,http://data.europa.eu/949/functionalInfrastructure/operationalPoints/LUSg%20%20%20
http://data.europa.eu/949/functionalInfrastructure/sectionsOfLine/41d07948feca56e14fdae5e3053c12c3a8c255a9,http://data.europa.eu/949/functionalInfrastructure/sectionsOfLine/Luxembourg-Troisvierges-fronti%C3%A8re_LUM%20%20%20%20_LUCt%20%20%20,http://data.europa.eu/949/functionalInfrastructure/operationalPoints/LUM%20%20%20%20,http://data.europa.eu/949/functionalInfrastructure/operationalPoints/LUCt%20%20%20
http://data.europa.eu/949/functionalInfrastructure/sectionsOfLine/43f6a0c239b0c4fac66cffc9e79af581a5d33913,http://data.europa.eu/949/functionalInfrastructure/sectionsOfLine/Luxembourg-Wasserbillig-fronti%C3%A8reviaSandweiler-Contern_LUL%20%20%20%20_LUCs%20%20%20,http://data.europa.eu/949/functionalInfrastructure/operationalPoints/LUL%20%20%20%20,http://data.europa.eu/949/functionalInfrastructure/operationalPoints/LUCs%20%20%20
http://data.europa.eu/949/functionalInfrastructure/sectionsOfLine/4488df8859f1d0539ca17417766d9fd9028dbd84,http://data.europa.eu/949/functionalInfrastructure/sectionsOfLine/Luxembourg-P%C3%A9tange_LUP%20%20%20%20_LUBa%20%20%20,http://data.europa.eu/949/functionalInfrastructure/operationalPoints/LUP%20%20%20%20,http://data.europa.eu/949/functionalInfrastructure/operationalPoints/LUBa%20%20%20
http://data.europa.eu/949/functionalInfrastructure/sectionsOfLine/4560da819ec374540a9166e3c58a52da41a5db4a,http://data.europa.eu/949/functionalInfrastructure/sectionsOfLine/Esch%2FAlzette-P%C3%A9tange_LUD%20%20%20%20_LUDi%20%20%20,http://data.europa.eu/949/functionalInfrastructure/operationalPoints/LUD%20%20%20%20,http://data.europa.eu/949/functionalInfrastructure/operationalPoints/LUDi%20%20%20
http://data.europa.eu/949/functionalInfrastructure/sectionsOfLine/48c4cc0c636c3dd7f4fd1c517f2ef4975e1f412f,http://data.europa.eu/949/functionalInfrastructure/sectionsOfLine/Luxembourg-Troisvierges-fronti%C3%A8re_LUWw%20%20%20_LUDf%20%20%20,http://data.europa.eu/949/functionalInfrastructure/operationalPoints/LUWw%20%20%20,http://data.europa.eu/949/functionalInfrastructure/operationalPoints/LUDf%20%20%20
http://data.europa.eu/949/functionalInfrastructure/sectionsOfLine/5794e55c3f438fd363400f1612e214ee94be3db2,http://data.europa.eu/949/functionalInfrastructure/sectionsOfLine/P%C3%A9tange-Rodange-fronti%C3%A8re%28Athus%29_LUP130%20_EU00098,http://data.europa.eu/949/functionalInfrastructure/operationalPoints/LUP130%20,http://data.europa.eu/949/functionalInfrastructure/operationalPoints/EU00098
http://data.europa.eu/949/functionalInfrastructure/sectionsOfLine/584e13229b159093bf7d89f9acfe780e079e2cc1,http://data.europa.eu/949/functionalInfrastructure/sectionsOfLine/Luxembourg-Kleinbettingen-fronti%C3%A8re_LUL%20%20%20%20_LUBtr%20%20,http://data.europa.eu/949/functionalInfrastructure/operationalPoints/LUL%20%20%20%20,http://data.europa.eu/949/functionalInfrastructure/operationalPoints/LUBtr%20%20
http://data.europa.eu/949/functionalInfrastructure/sectionsOfLine/59a3aafc513e988d9f5c8222d2f6ee7879b8b800,http://data.europa.eu/949/functionalInfrastructure/sectionsOfLine/Luxembourg-P%C3%A9tange_LUBa%20%20%20_LUSw%20%20%20,http://data.europa.eu/949/functionalInfrastructure/operationalPoints/LUBa%20%20%20,http://data.europa.eu/949/functionalInfrastructure/operationalPoints/LUSw%20%20%20
http://data.europa.eu/949/functionalInfrastructure/sectionsOfLine/5a2a7c89123ed090880b2d3840b5eec4b289446c,http://data.europa.eu/949/functionalInfrastructure/sectionsOfLine/Luxembourg-Wasserbillig-fronti%C3%A8reviaSandweiler-Contern_LUWk%20%20%20_LUMn%20%20%20,http://data.europa.eu/949/functionalInfrastructure/operationalPoints/LUWk%20%20%20,http://data.europa.eu/949/functionalInfrastructure/operationalPoints/LUMn%20%20%20
http://data.europa.eu/949/functionalInfrastructure/sectionsOfLine/62a34fb3fe50b36f53144ae94ef42050aa7d60d7,http://data.europa.eu/949/functionalInfrastructure/sectionsOfLine/Luxembourg-Berchem-Oetrange_LUBc-E%20_LUSy%20%20%20,http://data.europa.eu/949/functionalInfrastructure/operationalPoints/LUBc-E%20,http://data.europa.eu/949/functionalInfrastructure/operationalPoints/LUSy%20%20%20
http://data.europa.eu/949/functionalInfrastructure/sectionsOfLine/63268925eb8248e89a81e77772e377977c02fd87,http://data.europa.eu/949/functionalInfrastructure/sectionsOfLine/Esch%2FAlzette-P%C3%A9tange_LUBu%20%20%20_LUEs%20%20%20,http://data.europa.eu/949/functionalInfrastructure/operationalPoints/LUBu%20%20%20,http://data.europa.eu/949/functionalInfrastructure/operationalPoints/LUEs%20%20%20
http://data.europa.eu/949/functionalInfrastructure/sectionsOfLine/65a47c7b0d2275a18a6411dfd092d66afdd9173f,http://data.europa.eu/949/functionalInfrastructure/sectionsOfLine/Luxembourg-Wasserbillig-fronti%C3%A8reviaSandweiler-Contern_LUOe%20%20%20_LUMb%20%20%20,http://data.europa.eu/949/functionalInfrastructure/operationalPoints/LUOe%20%20%20,http://data.europa.eu/949/functionalInfrastructure/operationalPoints/LUMb%20%20%20
http://data.europa.eu/949/functionalInfrastructure/sectionsOfLine/666d6b207a33323598932118e9d390dad052f173,http://data.europa.eu/949/functionalInfrastructure/sectionsOfLine/Luxembourg-Troisvierges-fronti%C3%A8re_LUWf%20%20%20_LUHd%20%20%20,http://data.europa.eu/949/functionalInfrastructure/operationalPoints/LUWf%20%20%20,http://data.europa.eu/949/functionalInfrastructure/operationalPoints/LUHd%20%20%20
http://data.europa.eu/949/functionalInfrastructure/sectionsOfLine/66ba67c9a7323bc2e7fa72bd79abeb3c9afbe4ca,http://data.europa.eu/949/functionalInfrastructure/sectionsOfLine/Brucherberg-Scheuerbusch_LUBb%20%20%20_LUSchb%20,http://data.europa.eu/949/functionalInfrastructure/operationalPoints/LUBb%20%20%20,http://data.europa.eu/949/functionalInfrastructure/operationalPoints/LUSchb%20
http://data.europa.eu/949/functionalInfrastructure/sectionsOfLine/681fada49ba4362fa74c155c601a733c4b630c4a,http://data.europa.eu/949/functionalInfrastructure/sectionsOfLine/Esch%2FAlzette-P%C3%A9tange_LUBs%20%20%20_LUBr%20%20%20,http://data.europa.eu/949/functionalInfrastructure/operationalPoints/LUBs%20%20%20,http://data.europa.eu/949/functionalInfrastructure/operationalPoints/LUBr%20%20%20
http://data.europa.eu/949/functionalInfrastructure/sectionsOfLine/68decba5255f69342ac91e95d36458a12bac93e1,http://data.europa.eu/949/functionalInfrastructure/sectionsOfLine/Luxembourg-Wasserbillig-fronti%C3%A8reviaSandweiler-Contern_LUSc%20%20%20_LUOe%20%20%20,http://data.europa.eu/949/functionalInfrastructure/operationalPoints/LUSc%20%20%20,http://data.europa.eu/949/functionalInfrastructure/operationalPoints/LUOe%20%20%20
http://data.europa.eu/949/functionalInfrastructure/sectionsOfLine/750ae106467f0adf0fae64d9911631e265a0d244,http://data.europa.eu/949/functionalInfrastructure/sectionsOfLine/Luxembourg-Bettembourg-fronti%C3%A8re_LUHo%20%20%20_LULt%20%20%20,http://data.europa.eu/949/functionalInfrastructure/operationalPoints/LUHo%20%20%20,http://data.europa.eu/949/functionalInfrastructure/operationalPoints/LULt%20%20%20
http://data.europa.eu/949/functionalInfrastructure/sectionsOfLine/7668c4cf3e4c5c3d5160404e5c18d8fb133bfbab,http://data.europa.eu/949/functionalInfrastructure/sectionsOfLine/Bettembourg-Esch%2FAlzette_LUNz%20%20%20_LUSchb%20,http://data.europa.eu/949/functionalInfrastructure/operationalPoints/LUNz%20%20%20,http://data.europa.eu/949/functionalInfrastructure/operationalPoints/LUSchb%20
http://data.europa.eu/949/functionalInfrastructure/sectionsOfLine/7d634fadd860725daee90142c851dbacd77173b0,http://data.europa.eu/949/functionalInfrastructure/sectionsOfLine/Luxembourg-Bettembourg-fronti%C3%A8re_EU00102_LUBt-V%20,http://data.europa.eu/949/functionalInfrastructure/operationalPoints/EU00102,http://data.europa.eu/949/functionalInfrastructure/operationalPoints/LUBt-V%20
http://data.europa.eu/949/functionalInfrastructure/sectionsOfLine/7dae870cbdfd903f6fe0cc2c0bd0bd376f3f29c0,http://data.europa.eu/949/functionalInfrastructure/sectionsOfLine/T%C3%A9tange-Langengrund_LUTg%20%20%20_LULg%20%20%20,http://data.europa.eu/949/functionalInfrastructure/operationalPoints/LUTg%20%20%20,http://data.europa.eu/949/functionalInfrastructure/operationalPoints/LULg%20%20%20
http://data.europa.eu/949/functionalInfrastructure/sectionsOfLine/7f6837f6900fbe96edbbdaa9906e48e792d2ec06,http://data.europa.eu/949/functionalInfrastructure/sectionsOfLine/Luxembourg-Troisvierges-fronti%C3%A8re_LUHd%20%20%20_LULr%20%20%20,http://data.europa.eu/949/functionalInfrastructure/operationalPoints/LUHd%20%20%20,http://data.europa.eu/949/functionalInfrastructure/operationalPoints/LULr%20%20%20
http://data.europa.eu/949/functionalInfrastructure/sectionsOfLine/801689d68144a4c9dde071d0b613725e9e7aa05c,http://data.europa.eu/949/functionalInfrastructure/sectionsOfLine/Luxembourg-Bettembourg-fronti%C3%A8re_LUBt-V%20_LULiv%20%20,http://data.europa.eu/949/functionalInfrastructure/operationalPoints/LUBt-V%20,http://data.europa.eu/949/functionalInfrastructure/operationalPoints/LULiv%20%20
http://data.europa.eu/949/functionalInfrastructure/sectionsOfLine/8085ebd04d594a235b639c3bb2adb6d696744bfc,http://data.europa.eu/949/functionalInfrastructure/sectionsOfLine/Luxembourg-Wasserbillig-fronti%C3%A8reviaSandweiler-Contern_LUBz%20%20%20_LUWk%20%20%20,http://data.europa.eu/949/functionalInfrastructure/operationalPoints/LUBz%20%20%20,http://data.europa.eu/949/functionalInfrastructure/operationalPoints/LUWk%20%20%20
http://data.europa.eu/949/functionalInfrastructure/sectionsOfLine/82cf3e6119144a09e6ecb6cc03dc2944316ac744,http://data.europa.eu/949/functionalInfrastructure/sectionsOfLine/Luxembourg-P%C3%A9tange_LULh%20%20%20_LUL%20%20%20%20,http://data.europa.eu/949/functionalInfrastructure/operationalPoints/LULh%20%20%20,http://data.europa.eu/949/functionalInfrastructure/operationalPoints/LUL%20%20%20%20
http://data.europa.eu/949/functionalInfrastructure/sectionsOfLine/8b1afd5f5ba5aab2e8803eeaa62aeeda99df2e8e,http://data.europa.eu/949/functionalInfrastructure/sectionsOfLine/P%C3%A9tange-Rodange-fronti%C3%A8re%28Athus%29_LUR%20%20%20%20_LUP130%20,http://data.europa.eu/949/functionalInfrastructure/operationalPoints/LUR%20%20%20%20,http://data.europa.eu/949/functionalInfrastructure/operationalPoints/LUP130%20
http://data.europa.eu/949/functionalInfrastructure/sectionsOfLine/8b48c4855ce712d480589b96730aa87c509e45d6,http://data.europa.eu/949/functionalInfrastructure/sectionsOfLine/Luxembourg-Wasserbillig-fronti%C3%A8reviaSandweiler-Contern_LUMn%20%20%20_LUMt%20%20%20,http://data.europa.eu/949/functionalInfrastructure/operationalPoints/LUMn%20%20%20,http://data.europa.eu/949/functionalInfrastructure/operationalPoints/LUMt%20%20%20
http://data.europa.eu/949/functionalInfrastructure/sectionsOfLine/92007448614125b78b15e4c8b8712b9bc9c00200,http://data.europa.eu/949/functionalInfrastructure/sectionsOfLine/Luxembourg-Troisvierges-fronti%C3%A8re_LUSr%20%20%20_LUEb%20%20%20,http://data.europa.eu/949/functionalInfrastructure/operationalPoints/LUSr%20%20%20,http://data.europa.eu/949/functionalInfrastructure/operationalPoints/LUEb%20%20%20
http://data.europa.eu/949/functionalInfrastructure/sectionsOfLine/9211c16563578231d525a4f1272626c4cb2e9710,http://data.europa.eu/949/functionalInfrastructure/sectionsOfLine/Luxembourg-P%C3%A9tange_LUDr%20%20%20_LULd%20%20%20,http://data.europa.eu/949/functionalInfrastructure/operationalPoints/LUDr%20%20%20,http://data.europa.eu/949/functionalInfrastructure/operationalPoints/LULd%20%20%20
http://data.europa.eu/949/functionalInfrastructure/sectionsOfLine/94f90e8bc4497d2ac4a5b07d3f31eba0e1fe6d67,http://data.europa.eu/949/functionalInfrastructure/sectionsOfLine/Luxembourg-Wasserbillig-fronti%C3%A8reviaSandweiler-Contern_LUW%20%20%20%20_EU00009,http://data.europa.eu/949/functionalInfrastructure/operationalPoints/LUW%20%20%20%20,http://data.europa.eu/949/functionalInfrastructure/operationalPoints/EU00009
http://data.europa.eu/949/functionalInfrastructure/sectionsOfLine/95ee1744f87394cfbc4751187ab1c05cd1a5e59b,http://data.europa.eu/949/functionalInfrastructure/sectionsOfLine/Esch%2FAlzette-P%C3%A9tange_LUBr%20%20%20_LUBLy%20%20,http://data.europa.eu/949/functionalInfrastructure/operationalPoints/LUBr%20%20%20,http://data.europa.eu/949/functionalInfrastructure/operationalPoints/LUBLy%20%20
http://data.europa.eu/949/functionalInfrastructure/sectionsOfLine/9716f337277d3bdb21ff7458fdd43aaf1b719f68,http://data.europa.eu/949/functionalInfrastructure/sectionsOfLine/Luxembourg-Kleinbettingen-fronti%C3%A8re_LUKb%20%20%20_EU00096,http://data.europa.eu/949/functionalInfrastructure/operationalPoints/LUKb%20%20%20,http://data.europa.eu/949/functionalInfrastructure/operationalPoints/EU00096
http://data.europa.eu/949/functionalInfrastructure/sectionsOfLine/97f26ca3b3e93cd84f18c6874dd2dc5436cae616,http://data.europa.eu/949/functionalInfrastructure/sectionsOfLine/Luxembourg-Troisvierges-fronti%C3%A8re_LUDm%20%20%20_LUWf%20%20%20,http://data.europa.eu/949/functionalInfrastructure/operationalPoints/LUDm%20%20%20,http://data.europa.eu/949/functionalInfrastructure/operationalPoints/LUWf%20%20%20
http://data.europa.eu/949/functionalInfrastructure/sectionsOfLine/9856602f74ee9565d225886ef2a2dede095a92b3,http://data.europa.eu/949/functionalInfrastructure/sectionsOfLine/Esch%2FAlzette-P%C3%A9tange_LUP%20%20%20%20_LUNk%20%20%20,http://data.europa.eu/949/functionalInfrastructure/operationalPoints/LUP%20%20%20%20,http://data.europa.eu/949/functionalInfrastructure/operationalPoints/LUNk%20%20%20
http://data.europa.eu/949/functionalInfrastructure/sectionsOfLine/9cd4a1b85784185da49b24d0f0096328eb2d86d1,http://data.europa.eu/949/functionalInfrastructure/sectionsOfLine/Luxembourg-P%C3%A9tange_LUSw%20%20%20_LUDr%20%20%20,http://data.europa.eu/949/functionalInfrastructure/operationalPoints/LUSw%20%20%20,http://data.europa.eu/949/functionalInfrastructure/operationalPoints/LUDr%20%20%20
http://data.europa.eu/949/functionalInfrastructure/sectionsOfLine/9db442d7ca0fd87a60c1ff720db8123c7dbea267,http://data.europa.eu/949/functionalInfrastructure/sectionsOfLine/Luxembourg-Berchem-Oetrange_LUF-S4%20_LUBc-N%20,http://data.europa.eu/949/functionalInfrastructure/operationalPoints/LUF-S4%20,http://data.europa.eu/949/functionalInfrastructure/operationalPoints/LUBc-N%20
http://data.europa.eu/949/functionalInfrastructure/sectionsOfLine/9e0ab5b4cf54f4371df86b8e1b5391e6df9dd7f3,http://data.europa.eu/949/functionalInfrastructure/sectionsOfLine/Luxembourg-Troisvierges-fronti%C3%A8re_LUMl%20%20%20_LUTv%20%20%20,http://data.europa.eu/949/functionalInfrastructure/operationalPoints/LUMl%20%20%20,http://data.europa.eu/949/functionalInfrastructure/operationalPoints/LUTv%20%20%20
http://data.europa.eu/949/functionalInfrastructure/sectionsOfLine/a4c982bc11a10d51b71ae74b2d4bf69b7e51476e,http://data.europa.eu/949/functionalInfrastructure/sectionsOfLine/Luxembourg-Kleinbettingen-fronti%C3%A8re_LUCp%20%20%20_LUKb%20%20%20,http://data.europa.eu/949/functionalInfrastructure/operationalPoints/LUCp%20%20%20,http://data.europa.eu/949/functionalInfrastructure/operationalPoints/LUKb%20%20%20
http://data.europa.eu/949/functionalInfrastructure/sectionsOfLine/aab7f3d080e221726ac400d776985e7afcffa064,http://data.europa.eu/949/functionalInfrastructure/sectionsOfLine/Luxembourg-Berchem-Oetrange_LUBc%20%20%20_LUBc-N%20,http://data.europa.eu/949/functionalInfrastructure/operationalPoints/LUBc%20%20%20,http://data.europa.eu/949/functionalInfrastructure/operationalPoints/LUBc-N%20
http://data.europa.eu/949/functionalInfrastructure/sectionsOfLine/b51c1c2799904fce8b98822438166c4e22bd6dc2,http://data.europa.eu/949/functionalInfrastructure/sectionsOfLine/Bettembourg-Dudelange-Usines%28Volmerange%29_LUDb%20%20%20_LUDv%20%20%20,http://data.europa.eu/949/functionalInfrastructure/operationalPoints/LUDb%20%20%20,http://data.europa.eu/949/functionalInfrastructure/operationalPoints/LUDv%20%20%20
http://data.europa.eu/949/functionalInfrastructure/sectionsOfLine/b6f2f9a0c5e79625f3e79ff7af76823be8e7c0c7,http://data.europa.eu/949/functionalInfrastructure/sectionsOfLine/Noertzange-Rumelange_LUTg%20%20%20_LURu%20%20%20,http://data.europa.eu/949/functionalInfrastructure/operationalPoints/LUTg%20%20%20,http://data.europa.eu/949/functionalInfrastructure/operationalPoints/LURu%20%20%20
http://data.europa.eu/949/functionalInfrastructure/sectionsOfLine/b9d1245a20e29120b97b280540b700cd62808bd3,http://data.europa.eu/949/functionalInfrastructure/sectionsOfLine/P%C3%A9tange-Rodange-fronti%C3%A8re%28Athus%29_LUP%20%20%20%20_LULm%20%20%20,http://data.europa.eu/949/functionalInfrastructure/operationalPoints/LUP%20%20%20%20,http://data.europa.eu/949/functionalInfrastructure/operationalPoints/LULm%20%20%20
http://data.europa.eu/949/functionalInfrastructure/sectionsOfLine/b9e7d6c9513068fcaef862c4b6fdd742a73174b9,http://data.europa.eu/949/functionalInfrastructure/sectionsOfLine/Noertzange-Rumelange_LUKa%20%20%20_LUTg%20%20%20,http://data.europa.eu/949/functionalInfrastructure/operationalPoints/LUKa%20%20%20,http://data.europa.eu/949/functionalInfrastructure/operationalPoints/LUTg%20%20%20
http://data.europa.eu/949/functionalInfrastructure/sectionsOfLine/bcf472191f3e4b93e28b4a599a2749496f4146b4,http://data.europa.eu/949/functionalInfrastructure/sectionsOfLine/Luxembourg-Kleinbettingen-fronti%C3%A8re_LUMr-L%20_LUMr%20%20%20,http://data.europa.eu/949/functionalInfrastructure/operationalPoints/LUMr-L%20,http://data.europa.eu/949/functionalInfrastructure/operationalPoints/LUMr%20%20%20
http://data.europa.eu/949/functionalInfrastructure/sectionsOfLine/bd2c711895919ec9a806794219986ccfdb06dbba,http://data.europa.eu/949/functionalInfrastructure/sectionsOfLine/Luxembourg-Troisvierges-fronti%C3%A8re_LUMe%20%20%20_LUCv%20%20%20,http://data.europa.eu/949/functionalInfrastructure/operationalPoints/LUMe%20%20%20,http://data.europa.eu/949/functionalInfrastructure/operationalPoints/LUCv%20%20%20
http://data.europa.eu/949/functionalInfrastructure/sectionsOfLine/bf8e8b32cbc4f2da9d754a37c479c8e7b499af03,http://data.europa.eu/949/functionalInfrastructure/sectionsOfLine/Luxembourg-Troisvierges-fronti%C3%A8re_LULi%20%20%20_LUM%20%20%20%20,http://data.europa.eu/949/functionalInfrastructure/operationalPoints/LULi%20%20%20,http://data.europa.eu/949/functionalInfrastructure/operationalPoints/LUM%20%20%20%20
http://data.europa.eu/949/functionalInfrastructure/sectionsOfLine/c018fa76cb047daf40b6f8f34c7f187b943a28d0,http://data.europa.eu/949/functionalInfrastructure/sectionsOfLine/Luxembourg-Troisvierges-fronti%C3%A8re_LUL%20%20%20%20_LUPf-K%20,http://data.europa.eu/949/functionalInfrastructure/operationalPoints/LUL%20%20%20%20,http://data.europa.eu/949/functionalInfrastructure/operationalPoints/LUPf-K%20
http://data.europa.eu/949/functionalInfrastructure/sectionsOfLine/c0ec0fd7e7a14468632c847b71c29d92407363cf,http://data.europa.eu/949/functionalInfrastructure/sectionsOfLine/Noertzange-Rumelange_LUBb%20%20%20_LUKa%20%20%20,http://data.europa.eu/949/functionalInfrastructure/operationalPoints/LUBb%20%20%20,http://data.europa.eu/949/functionalInfrastructure/operationalPoints/LUKa%20%20%20
http://data.europa.eu/949/functionalInfrastructure/sectionsOfLine/c1a56c8e6adba4ae18a833ca7a318f69651d783c,http://data.europa.eu/949/functionalInfrastructure/sectionsOfLine/P%C3%A9tange-Rodange-fronti%C3%A8re%28Athus%29_LULm%20%20%20_LUR%20%20%20%20,http://data.europa.eu/949/functionalInfrastructure/operationalPoints/LULm%20%20%20,http://data.europa.eu/949/functionalInfrastructure/operationalPoints/LUR%20%20%20%20
http://data.europa.eu/949/functionalInfrastructure/sectionsOfLine/c6139c05159302ecec0ab83fe48c7c348f6ce997,http://data.europa.eu/949/functionalInfrastructure/sectionsOfLine/Luxembourg-Wasserbillig-fronti%C3%A8reviaSandweiler-Contern_LUMt%20%20%20_LUW%20%20%20%20,http://data.europa.eu/949/functionalInfrastructure/operationalPoints/LUMt%20%20%20,http://data.europa.eu/949/functionalInfrastructure/operationalPoints/LUW%20%20%20%20
http://data.europa.eu/949/functionalInfrastructure/sectionsOfLine/c7186ca83afe978aa5fea8f488d921c4ecfd2aad,http://data.europa.eu/949/functionalInfrastructure/sectionsOfLine/P%C3%A9tange-Rodange-fronti%C3%A8re%28MontSt.Martin%29_LUP130%20_EU00099,http://data.europa.eu/949/functionalInfrastructure/operationalPoints/LUP130%20,http://data.europa.eu/949/functionalInfrastructure/operationalPoints/EU00099
http://data.europa.eu/949/functionalInfrastructure/sectionsOfLine/c77c96f9fa3867998b7f40dcb0605333240ab422,http://data.europa.eu/949/functionalInfrastructure/sectionsOfLine/Luxembourg-Kleinbettingen-fronti%C3%A8re_LUBtr%20%20_LUMr-L%20,http://data.europa.eu/949/functionalInfrastructure/operationalPoints/LUBtr%20%20,http://data.europa.eu/949/functionalInfrastructure/operationalPoints/LUMr-L%20
http://data.europa.eu/949/functionalInfrastructure/sectionsOfLine/cf2f04e533266c97bef51f81a03c0845ac63bf37,http://data.europa.eu/949/functionalInfrastructure/sectionsOfLine/Ettelbruck-Bissen_LUSr2%20%20_LUCu%20%20%20,http://data.europa.eu/949/functionalInfrastructure/operationalPoints/LUSr2%20%20,http://data.europa.eu/949/functionalInfrastructure/operationalPoints/LUCu%20%20%20
http://data.europa.eu/949/functionalInfrastructure/sectionsOfLine/d1aa3eee100d769f89eff668fc9955ecb0439540,http://data.europa.eu/949/functionalInfrastructure/sectionsOfLine/Esch%2FAlzette-Audun-le-Tiche_LUEs%20%20%20_EU00100,http://data.europa.eu/949/functionalInfrastructure/operationalPoints/LUEs%20%20%20,http://data.europa.eu/949/functionalInfrastructure/operationalPoints/EU00100
http://data.europa.eu/949/functionalInfrastructure/sectionsOfLine/d1d3f9fc849fa3b15cb4f6efd308ecd67c8a1893,http://data.europa.eu/949/functionalInfrastructure/sectionsOfLine/Bettembourg-Dudelange-Usines%28Volmerange%29_LUBt-V%20_LUDb%20%20%20,http://data.europa.eu/949/functionalInfrastructure/operationalPoints/LUBt-V%20,http://data.europa.eu/949/functionalInfrastructure/operationalPoints/LUDb%20%20%20
http://data.europa.eu/949/functionalInfrastructure/sectionsOfLine/d1ec1f642e19b762ced9d5b4bfe9d9a3121b9e64,http://data.europa.eu/949/functionalInfrastructure/sectionsOfLine/Luxembourg-Wasserbillig-fronti%C3%A8reviaSandweiler-Contern_LUMb%20%20%20_LURt%20%20%20,http://data.europa.eu/949/functionalInfrastructure/operationalPoints/LUMb%20%20%20,http://data.europa.eu/949/functionalInfrastructure/operationalPoints/LURt%20%20%20
http://data.europa.eu/949/functionalInfrastructure/sectionsOfLine/d3ea97d96ebe2b2168dcceff49c5239b19df60d3,http://data.europa.eu/949/functionalInfrastructure/sectionsOfLine/Luxembourg-Berchem-Oetrange_LUSy%20%20%20_LUOe%20%20%20,http://data.europa.eu/949/functionalInfrastructure/operationalPoints/LUSy%20%20%20,http://data.europa.eu/949/functionalInfrastructure/operationalPoints/LUOe%20%20%20
http://data.europa.eu/949/functionalInfrastructure/sectionsOfLine/d6a8f400b8b55e433121bc5cd3bf28cf42a53b94,http://data.europa.eu/949/functionalInfrastructure/sectionsOfLine/Esch%2FAlzette-P%C3%A9tange_LUBLy%20%20_LUBUn%20%20,http://data.europa.eu/949/functionalInfrastructure/operationalPoints/LUBLy%20%20,http://data.europa.eu/949/functionalInfrastructure/operationalPoints/LUBUn%20%20
http://data.europa.eu/949/functionalInfrastructure/sectionsOfLine/d826c3da9a9a5c3a735f60ea6ae86c4cb464fff9,http://data.europa.eu/949/functionalInfrastructure/sectionsOfLine/Ettelbruck-Bissen_LUEb%20%20%20_LUSr2%20%20,http://data.europa.eu/949/functionalInfrastructure/operationalPoints/LUEb%20%20%20,http://data.europa.eu/949/functionalInfrastructure/operationalPoints/LUSr2%20%20
http://data.europa.eu/949/functionalInfrastructure/sectionsOfLine/db4f407f564d06714b67f1a0c5d1c6017b43e913,http://data.europa.eu/949/functionalInfrastructure/sectionsOfLine/Luxembourg-Troisvierges-fronti%C3%A8re_LUDf%20%20%20_LUMe%20%20%20,http://data.europa.eu/949/functionalInfrastructure/operationalPoints/LUDf%20%20%20,http://data.europa.eu/949/functionalInfrastructure/operationalPoints/LUMe%20%20%20
http://data.europa.eu/949/functionalInfrastructure/sectionsOfLine/dc050d9f509bcf4b35339c86de1a3ca184b57ed6,http://data.europa.eu/949/functionalInfrastructure/sectionsOfLine/Luxembourg-Berchem-Oetrange_LUL%20%20%20%20_LUF-S4%20,http://data.europa.eu/949/functionalInfrastructure/operationalPoints/LUL%20%20%20%20,http://data.europa.eu/949/functionalInfrastructure/operationalPoints/LUF-S4%20
http://data.europa.eu/949/functionalInfrastructure/sectionsOfLine/dee309ab801ffe473b9aa7c691c8f9312905b2fc,http://data.europa.eu/949/functionalInfrastructure/sectionsOfLine/Esch%2FAlzette-P%C3%A9tange_LUOk%20%20%20_LUBs%20%20%20,http://data.europa.eu/949/functionalInfrastructure/operationalPoints/LUOk%20%20%20,http://data.europa.eu/949/functionalInfrastructure/operationalPoints/LUBs%20%20%20
http://data.europa.eu/949/functionalInfrastructure/sectionsOfLine/e11850fec2398e776f12234c4612a77681f1b60f,http://data.europa.eu/949/functionalInfrastructure/sectionsOfLine/Luxembourg-Troisvierges-fronti%C3%A8re_LUKt%20%20%20_LUWw%20%20%20,http://data.europa.eu/949/functionalInfrastructure/operationalPoints/LUKt%20%20%20,http://data.europa.eu/949/functionalInfrastructure/operationalPoints/LUWw%20%20%20
http://data.europa.eu/949/functionalInfrastructure/sectionsOfLine/e24a5dd25417432e179e7ea460c3989e05ebc434,http://data.europa.eu/949/functionalInfrastructure/sectionsOfLine/P%C3%A9tange-Rodange-fronti%C3%A8re%28Aubange%29_LUP130%20_EU00097,http://data.europa.eu/949/functionalInfrastructure/operationalPoints/LUP130%20,http://data.europa.eu/949/functionalInfrastructure/operationalPoints/EU00097
http://data.europa.eu/949/functionalInfrastructure/sectionsOfLine/e3591c59dcc6bf842a51617adef0bf18f0553510,http://data.europa.eu/949/functionalInfrastructure/sectionsOfLine/Luxembourg-Bettembourg-fronti%C3%A8re_LUF%20%20%20%20_LUHo%20%20%20,http://data.europa.eu/949/functionalInfrastructure/operationalPoints/LUF%20%20%20%20,http://data.europa.eu/949/functionalInfrastructure/operationalPoints/LUHo%20%20%20
http://data.europa.eu/949/functionalInfrastructure/sectionsOfLine/e44698d27d2f6cc26e52f1cec0690cce9b5e240a,http://data.europa.eu/949/functionalInfrastructure/sectionsOfLine/Luxembourg-Troisvierges-fronti%C3%A8re_LULr%20%20%20_LULi%20%20%20,http://data.europa.eu/949/functionalInfrastructure/operationalPoints/LULr%20%20%20,http://data.europa.eu/949/functionalInfrastructure/operationalPoints/LULi%20%20%20
http://data.europa.eu/949/functionalInfrastructure/sectionsOfLine/e549eed8d638273544f2c84613adb179b7ea984d,http://data.europa.eu/949/functionalInfrastructure/sectionsOfLine/Luxembourg-Bettembourg-fronti%C3%A8re_LUBc%20%20%20_LUF-S6%20,http://data.europa.eu/949/functionalInfrastructure/operationalPoints/LUBc%20%20%20,http://data.europa.eu/949/functionalInfrastructure/operationalPoints/LUF-S6%20
http://data.europa.eu/949/functionalInfrastructure/sectionsOfLine/ea2e2398ce9374adf9f33c7482b0783f3017db32,http://data.europa.eu/949/functionalInfrastructure/sectionsOfLine/Bettembourg-Esch%2FAlzette_LUSg%20%20%20_LUEs%20%20%20,http://data.europa.eu/949/functionalInfrastructure/operationalPoints/LUSg%20%20%20,http://data.europa.eu/949/functionalInfrastructure/operationalPoints/LUEs%20%20%20
http://data.europa.eu/949/functionalInfrastructure/sectionsOfLine/ea72a3e111109441a4bab733ab5551a2fe33ce9a,http://data.europa.eu/949/functionalInfrastructure/sectionsOfLine/Luxembourg-Berchem-Oetrange_LUF-S4%20_LUBc-E%20,http://data.europa.eu/949/functionalInfrastructure/operationalPoints/LUF-S4%20,http://data.europa.eu/949/functionalInfrastructure/operationalPoints/LUBc-E%20
http://data.europa.eu/949/functionalInfrastructure/sectionsOfLine/efac44f24697fef3cb6616edadd2994d0884cb85,http://data.europa.eu/949/functionalInfrastructure/sectionsOfLine/Luxembourg-Bettembourg-fronti%C3%A8re_LULt%20%20%20_LUL%20%20%20%20,http://data.europa.eu/949/functionalInfrastructure/operationalPoints/LULt%20%20%20,http://data.europa.eu/949/functionalInfrastructure/operationalPoints/LUL%20%20%20%20
http://data.europa.eu/949/functionalInfrastructure/sectionsOfLine/f1dedcd8e86438a354ff49b5831802d8d36697d6,http://data.europa.eu/949/functionalInfrastructure/sectionsOfLine/Esch%2FAlzette-P%C3%A9tange_LUDi%20%20%20_LUOk%20%20%20,http://data.europa.eu/949/functionalInfrastructure/operationalPoints/LUDi%20%20%20,http://data.europa.eu/949/functionalInfrastructure/operationalPoints/LUOk%20%20%20
http://data.europa.eu/949/functionalInfrastructure/sectionsOfLine/f70ea355e8cb8528a783e72b22fc671dba3e9659,http://data.europa.eu/949/functionalInfrastructure/sectionsOfLine/Bettembourg-Dudelange-Usines%28Volmerange%29_LUDu%20%20%20_LUVm%20%20%20,http://data.europa.eu/949/functionalInfrastructure/operationalPoints/LUDu%20%20%20,http://data.europa.eu/949/functionalInfrastructure/operationalPoints/LUVm%20%20%20
